house_idx,budget,price_before,price_after,spent,profit,roi,changes,cost_breakdown
1357,10000.0,237587.375,365022.9254733052,6451.0,120984.55047330522,18.75438699012637,"{""First_Flr_SF"": 0.0, ""Second_Flr_SF"": 0.0, ""Year_Built"": 0.0, ""Exter_Qual"": 2.0, ""Total_Bsmt_SF"": 0.0, ""Lot_Area"": 0.0, ""Garage_Area"": 0.0, ""Kitchen_Qual"": 0.0, ""Fireplaces"": 0.0, ""Year_Remod_Add"": 29.0, ""Sale_Condition_Normal"": 0.0, ""Longitude"": 0.0, ""Full_Bath"": 0.0, ""Bsmt_Qual"": 0.0, ""Latitude"": 0.0, ""Bsmt_Exposure"": 0.0, ""TotRms_AbvGrd"": 0.0, ""Half_Bath"": -0.0, ""Heating_QC"": 0.0, ""Garage_Finish"": 1.0, ""Garage_Cond"": 0.0, ""Wood_Deck_SF"": 88.0, ""Open_Porch_SF"": 1.0, ""Bsmt_Full_Bath"": 0.0, ""House_Style_One_Story"": 0.0, ""Sale_Type_New"": 0.0, ""Bedroom_AbvGr"": 0.0, ""Garage_Qual"": 0.0, ""Kitchen_AbvGr"": 0.0, ""Pool_Area"": 0.0, ""Overall_Cond"": 2.0}","{""Exter_Qual"": 900.0, ""Year_Remod_Add"": 0.0, ""Wood_Deck_SF"": 880.0, ""Open_Porch_SF"": 111.0, ""Overall_Cond"": 0.0, ""Garage_Finish"": 4560.0}"
1357,20000.0,237587.375,384558.6587614016,18301.0,128670.2837614016,7.030778851505469,"{""First_Flr_SF"": 0.0, ""Second_Flr_SF"": 0.0, ""Year_Built"": 0.0, ""Exter_Qual"": 2.0, ""Total_Bsmt_SF"": 0.0, ""Lot_Area"": 0.0, ""Garage_Area"": 0.0, ""Kitchen_Qual"": 0.0, ""Fireplaces"": 0.0, ""Year_Remod_Add"": 29.0, ""Sale_Condition_Normal"": 0.0, ""Longitude"": 0.0, ""Full_Bath"": 0.0, ""Bsmt_Qual"": 0.0, ""Latitude"": 0.0, ""Bsmt_Exposure"": 0.0, ""TotRms_AbvGrd"": 0.0, ""Half_Bath"": 1.0, ""Heating_QC"": 0.0, ""Garage_Finish"": 1.0, ""Garage_Cond"": 0.0, ""Wood_Deck_SF"": 88.0, ""Open_Porch_SF"": 1.0, ""Bsmt_Full_Bath"": -0.0, ""House_Style_One_Story"": 0.0, ""Sale_Type_New"": 0.0, ""Bedroom_AbvGr"": 0.0, ""Garage_Qual"": 1.0, ""Kitchen_AbvGr"": 0.0, ""Pool_Area"": 0.0, ""Overall_Cond"": 2.0}","{""Exter_Qual"": 900.0, ""Year_Remod_Add"": 0.0, ""Half_Bath"": 6150.0, ""Wood_Deck_SF"": 880.0, ""Open_Porch_SF"": 111.0, ""Overall_Cond"": 0.0, ""Garage_Qual"": 5700.0, ""Garage_Finish"": 4560.0}"
1357,30000.0,237587.375,406212.17270293104,28691.0,139933.79770293104,4.877271538215156,"{""First_Flr_SF"": 0.0, ""Second_Flr_SF"": 0.0, ""Year_Built"": 0.0, ""Exter_Qual"": 2.0, ""Total_Bsmt_SF"": 0.0, ""Lot_Area"": 0.0, ""Garage_Area"": 322.0, ""Kitchen_Qual"": 0.0, ""Fireplaces"": 0.0, ""Year_Remod_Add"": 29.0, ""Sale_Condition_Normal"": 0.0, ""Longitude"": 0.0, ""Full_Bath"": 0.0, ""Bsmt_Qual"": 0.0, ""Latitude"": 0.0, ""Bsmt_Exposure"": 0.0, ""TotRms_AbvGrd"": 0.0, ""Half_Bath"": 0.0, ""Heating_QC"": 0.0, ""Garage_Finish"": 1.0, ""Garage_Cond"": 0.0, ""Wood_Deck_SF"": 58.0, ""Open_Porch_SF"": 1.0, ""Bsmt_Full_Bath"": 0.0, ""House_Style_One_Story"": 0.0, ""Sale_Type_New"": 0.0, ""Bedroom_AbvGr"": 0.0, ""Garage_Qual"": 0.0, ""Kitchen_AbvGr"": 0.0, ""Pool_Area"": 0.0, ""Overall_Cond"": 2.0}","{""Exter_Qual"": 900.0, ""Garage_Area"": 22540.0, ""Year_Remod_Add"": 0.0, ""Wood_Deck_SF"": 580.0, ""Open_Porch_SF"": 111.0, ""Overall_Cond"": 0.0, ""Garage_Finish"": 4560.0}"
1357,40000.0,237587.375,417890.28233359335,34841.0,145461.90733359335,4.175021019304651,"{""First_Flr_SF"": 0.0, ""Second_Flr_SF"": 0.0, ""Year_Built"": 0.0, ""Exter_Qual"": 2.0, ""Total_Bsmt_SF"": 0.0, ""Lot_Area"": 0.0, ""Garage_Area"": 322.0, ""Kitchen_Qual"": 0.0, ""Fireplaces"": 0.0, ""Year_Remod_Add"": 29.0, ""Sale_Condition_Normal"": 0.0, ""Longitude"": 0.0, ""Full_Bath"": 0.0, ""Bsmt_Qual"": 0.0, ""Latitude"": 0.0, ""Bsmt_Exposure"": 0.0, ""TotRms_AbvGrd"": 0.0, ""Half_Bath"": 1.0, ""Heating_QC"": 0.0, ""Garage_Finish"": 1.0, ""Garage_Cond"": 0.0, ""Wood_Deck_SF"": 58.0, ""Open_Porch_SF"": 1.0, ""Bsmt_Full_Bath"": 0.0, ""House_Style_One_Story"": 0.0, ""Sale_Type_New"": 0.0, ""Bedroom_AbvGr"": 0.0, ""Garage_Qual"": 0.0, ""Kitchen_AbvGr"": 0.0, ""Pool_Area"": 0.0, ""Overall_Cond"": 2.0}","{""Exter_Qual"": 900.0, ""Garage_Area"": 22540.0, ""Year_Remod_Add"": 0.0, ""Half_Bath"": 6150.0, ""Wood_Deck_SF"": 580.0, ""Open_Porch_SF"": 111.0, ""Overall_Cond"": 0.0, ""Garage_Finish"": 4560.0}"
1357,50000.0,237587.375,438081.9921056874,47581.0,152913.6171056874,3.213753748464458,"{""First_Flr_SF"": 0.0, ""Second_Flr_SF"": 0.0, ""Year_Built"": 0.0, ""Exter_Qual"": 2.0, ""Total_Bsmt_SF"": 0.0, ""Lot_Area"": 0.0, ""Garage_Area"": 504.0, ""Kitchen_Qual"": 0.0, ""Fireplaces"": 0.0, ""Year_Remod_Add"": 29.0, ""Sale_Condition_Normal"": 0.0, ""Longitude"": 0.0, ""Full_Bath"": 0.0, ""Bsmt_Qual"": 0.0, ""Latitude"": 0.0, ""Bsmt_Exposure"": 0.0, ""TotRms_AbvGrd"": 0.0, ""Half_Bath"": 1.0, ""Heating_QC"": 0.0, ""Garage_Finish"": 1.0, ""Garage_Cond"": 0.0, ""Wood_Deck_SF"": 58.0, ""Open_Porch_SF"": 1.0, ""Bsmt_Full_Bath"": 0.0, ""House_Style_One_Story"": 0.0, ""Sale_Type_New"": 0.0, ""Bedroom_AbvGr"": 0.0, ""Garage_Qual"": 0.0, ""Kitchen_AbvGr"": 0.0, ""Pool_Area"": 0.0, ""Overall_Cond"": 2.0}","{""Exter_Qual"": 900.0, ""Garage_Area"": 35280.0, ""Year_Remod_Add"": 0.0, ""Half_Bath"": 6150.0, ""Wood_Deck_SF"": 580.0, ""Open_Porch_SF"": 111.0, ""Overall_Cond"": 0.0, ""Garage_Finish"": 4560.0}"
1357,60000.0,237587.375,456626.5283011889,58041.0,160998.1533011889,2.773869390623678,"{""First_Flr_SF"": 0.0, ""Second_Flr_SF"": 0.0, ""Year_Built"": 0.0, ""Exter_Qual"": 2.0, ""Total_Bsmt_SF"": 0.0, ""Lot_Area"": 0.0, ""Garage_Area"": 572.0, ""Kitchen_Qual"": 0.0, ""Fireplaces"": 0.0, ""Year_Remod_Add"": 29.0, ""Sale_Condition_Normal"": 0.0, ""Longitude"": 0.0, ""Full_Bath"": 0.0, ""Bsmt_Qual"": 0.0, ""Latitude"": 0.0, ""Bsmt_Exposure"": 0.0, ""TotRms_AbvGrd"": 0.0, ""Half_Bath"": 1.0, ""Heating_QC"": 0.0, ""Garage_Finish"": 1.0, ""Garage_Cond"": 0.0, ""Wood_Deck_SF"": 58.0, ""Open_Porch_SF"": 1.0, ""Bsmt_Full_Bath"": 0.0, ""House_Style_One_Story"": 0.0, ""Sale_Type_New"": 0.0, ""Bedroom_AbvGr"": 0.0, ""Garage_Qual"": 1.0, ""Kitchen_AbvGr"": 0.0, ""Pool_Area"": 0.0, ""Overall_Cond"": 2.0}","{""Exter_Qual"": 900.0, ""Garage_Area"": 40040.0, ""Year_Remod_Add"": 0.0, ""Half_Bath"": 6150.0, ""Wood_Deck_SF"": 580.0, ""Open_Porch_SF"": 111.0, ""Overall_Cond"": 0.0, ""Garage_Qual"": 5700.0, ""Garage_Finish"": 4560.0}"
1357,70000.0,237587.375,456626.5283011882,58041.0,160998.1533011882,2.773869390623666,"{""First_Flr_SF"": 0.0, ""Second_Flr_SF"": 0.0, ""Year_Built"": 0.0, ""Exter_Qual"": 2.0, ""Total_Bsmt_SF"": 0.0, ""Lot_Area"": 0.0, ""Garage_Area"": 572.0, ""Kitchen_Qual"": 0.0, ""Fireplaces"": 0.0, ""Year_Remod_Add"": 29.0, ""Sale_Condition_Normal"": 0.0, ""Longitude"": 0.0, ""Full_Bath"": 0.0, ""Bsmt_Qual"": 0.0, ""Latitude"": 0.0, ""Bsmt_Exposure"": 0.0, ""TotRms_AbvGrd"": 0.0, ""Half_Bath"": 1.0, ""Heating_QC"": 0.0, ""Garage_Finish"": 1.0, ""Garage_Cond"": 0.0, ""Wood_Deck_SF"": 58.0, ""Open_Porch_SF"": 1.0, ""Bsmt_Full_Bath"": 0.0, ""House_Style_One_Story"": 0.0, ""Sale_Type_New"": 0.0, ""Bedroom_AbvGr"": 0.0, ""Garage_Qual"": 1.0, ""Kitchen_AbvGr"": 0.0, ""Pool_Area"": 0.0, ""Overall_Cond"": 2.0}","{""Exter_Qual"": 900.0, ""Garage_Area"": 40040.0, ""Year_Remod_Add"": 0.0, ""Half_Bath"": 6150.0, ""Wood_Deck_SF"": 580.0, ""Open_Porch_SF"": 111.0, ""Overall_Cond"": 0.0, ""Garage_Qual"": 5700.0, ""Garage_Finish"": 4560.0}"
1357,80000.0,237587.375,486056.8645010068,78813.0,169656.48950100678,2.1526460038446293,"{""First_Flr_SF"": 0.0, ""Second_Flr_SF"": 0.0, ""Year_Built"": 0.0, ""Exter_Qual"": 2.0, ""Total_Bsmt_SF"": 0.0, ""Lot_Area"": 0.0, ""Garage_Area"": 572.0, ""Kitchen_Qual"": 0.0, ""Fireplaces"": 0.0, ""Year_Remod_Add"": 29.0, ""Sale_Condition_Normal"": 0.0, ""Longitude"": 0.0, ""Full_Bath"": 2.0, ""Bsmt_Qual"": 0.0, ""Latitude"": 0.0, ""Bsmt_Exposure"": 0.0, ""TotRms_AbvGrd"": 0.0, ""Half_Bath"": 1.0, ""Heating_QC"": 0.0, ""Garage_Finish"": 1.0, ""Garage_Cond"": 0.0, ""Wood_Deck_SF"": 58.0, ""Open_Porch_SF"": 1.0, ""Bsmt_Full_Bath"": 0.0, ""House_Style_One_Story"": 0.0, ""Sale_Type_New"": 0.0, ""Bedroom_AbvGr"": 0.0, ""Garage_Qual"": 1.0, ""Kitchen_AbvGr"": 0.0, ""Pool_Area"": 0.0, ""Overall_Cond"": 2.0}","{""Exter_Qual"": 900.0, ""Garage_Area"": 40040.0, ""Year_Remod_Add"": 0.0, ""Full_Bath"": 20772.0, ""Half_Bath"": 6150.0, ""Wood_Deck_SF"": 580.0, ""Open_Porch_SF"": 111.0, ""Overall_Cond"": 0.0, ""Garage_Qual"": 5700.0, ""Garage_Finish"": 4560.0}"
1357,90000.0,237587.375,486056.8645010062,78813.0,169656.4895010062,2.1526460038446222,"{""First_Flr_SF"": 0.0, ""Second_Flr_SF"": 0.0, ""Year_Built"": 0.0, ""Exter_Qual"": 2.0, ""Total_Bsmt_SF"": 0.0, ""Lot_Area"": 0.0, ""Garage_Area"": 572.0, ""Kitchen_Qual"": 0.0, ""Fireplaces"": 0.0, ""Year_Remod_Add"": 29.0, ""Sale_Condition_Normal"": 0.0, ""Longitude"": 0.0, ""Full_Bath"": 2.0, ""Bsmt_Qual"": 0.0, ""Latitude"": 0.0, ""Bsmt_Exposure"": 0.0, ""TotRms_AbvGrd"": 0.0, ""Half_Bath"": 1.0, ""Heating_QC"": 0.0, ""Garage_Finish"": 1.0, ""Garage_Cond"": 0.0, ""Wood_Deck_SF"": 58.0, ""Open_Porch_SF"": 1.0, ""Bsmt_Full_Bath"": 0.0, ""House_Style_One_Story"": 0.0, ""Sale_Type_New"": 0.0, ""Bedroom_AbvGr"": 0.0, ""Garage_Qual"": 1.0, ""Kitchen_AbvGr"": 0.0, ""Pool_Area"": 0.0, ""Overall_Cond"": 2.0}","{""Exter_Qual"": 900.0, ""Garage_Area"": 40040.0, ""Year_Remod_Add"": 0.0, ""Full_Bath"": 20772.0, ""Half_Bath"": 6150.0, ""Wood_Deck_SF"": 580.0, ""Open_Porch_SF"": 111.0, ""Overall_Cond"": 0.0, ""Garage_Qual"": 5700.0, ""Garage_Finish"": 4560.0}"
1357,100000.0,237587.375,486056.86450100614,78813.0,169656.48950100614,2.1526460038446213,"{""First_Flr_SF"": 0.0, ""Second_Flr_SF"": 0.0, ""Year_Built"": 0.0, ""Exter_Qual"": 2.0, ""Total_Bsmt_SF"": 0.0, ""Lot_Area"": 0.0, ""Garage_Area"": 572.0, ""Kitchen_Qual"": 0.0, ""Fireplaces"": 0.0, ""Year_Remod_Add"": 29.0, ""Sale_Condition_Normal"": 0.0, ""Longitude"": 0.0, ""Full_Bath"": 2.0, ""Bsmt_Qual"": 0.0, ""Latitude"": 0.0, ""Bsmt_Exposure"": 0.0, ""TotRms_AbvGrd"": 0.0, ""Half_Bath"": 1.0, ""Heating_QC"": 0.0, ""Garage_Finish"": 1.0, ""Garage_Cond"": 0.0, ""Wood_Deck_SF"": 58.0, ""Open_Porch_SF"": 1.0, ""Bsmt_Full_Bath"": 0.0, ""House_Style_One_Story"": 0.0, ""Sale_Type_New"": 0.0, ""Bedroom_AbvGr"": 0.0, ""Garage_Qual"": 1.0, ""Kitchen_AbvGr"": 0.0, ""Pool_Area"": 0.0, ""Overall_Cond"": 2.0}","{""Exter_Qual"": 900.0, ""Garage_Area"": 40040.0, ""Year_Remod_Add"": 0.0, ""Full_Bath"": 20772.0, ""Half_Bath"": 6150.0, ""Wood_Deck_SF"": 580.0, ""Open_Porch_SF"": 111.0, ""Overall_Cond"": 0.0, ""Garage_Qual"": 5700.0, ""Garage_Finish"": 4560.0}"
2367,10000.0,168629.015625,233803.8404256033,9432.0,55742.824800603295,5.909968702354039,"{""First_Flr_SF"": 0.0, ""Second_Flr_SF"": 0.0, ""Year_Built"": 0.0, ""Exter_Qual"": 2.0, ""Total_Bsmt_SF"": 0.0, ""Lot_Area"": 0.0, ""Garage_Area"": 18.0, ""Kitchen_Qual"": 0.0, ""Fireplaces"": 1.0, ""Year_Remod_Add"": 53.0, ""Sale_Condition_Normal"": 0.0, ""Longitude"": 0.0, ""Full_Bath"": 0.0, ""Bsmt_Qual"": 0.0, ""Latitude"": 0.0, ""Bsmt_Exposure"": 0.0, ""TotRms_AbvGrd"": 0.0, ""Half_Bath"": 0.0, ""Heating_QC"": 0.0, ""Garage_Finish"": 0.0, ""Garage_Cond"": 0.0, ""Wood_Deck_SF"": 33.0, ""Open_Porch_SF"": -0.0, ""Bsmt_Full_Bath"": 0.0, ""House_Style_One_Story"": 0.0, ""Sale_Type_New"": 0.0, ""Bedroom_AbvGr"": 0.0, ""Garage_Qual"": 0.0, ""Kitchen_AbvGr"": 0.0, ""Pool_Area"": 0.0, ""Overall_Cond"": 2.0}","{""Exter_Qual"": 900.0, ""Garage_Area"": 1260.0, ""Fireplaces"": 6942.0, ""Year_Remod_Add"": 0.0, ""Wood_Deck_SF"": 330.0, ""Overall_Cond"": 0.0}"
2367,20000.0,168629.015625,240457.40201800055,11882.0,59946.38639300055,5.045142769988264,"{""First_Flr_SF"": 0.0, ""Second_Flr_SF"": 0.0, ""Year_Built"": 0.0, ""Exter_Qual"": 2.0, ""Total_Bsmt_SF"": 0.0, ""Lot_Area"": 0.0, ""Garage_Area"": 53.0, ""Kitchen_Qual"": 0.0, ""Fireplaces"": 1.0, ""Year_Remod_Add"": 53.0, ""Sale_Condition_Normal"": 0.0, ""Longitude"": 0.0, ""Full_Bath"": 0.0, ""Bsmt_Qual"": 0.0, ""Latitude"": 0.0, ""Bsmt_Exposure"": 0.0, ""TotRms_AbvGrd"": 0.0, ""Half_Bath"": 0.0, ""Heating_QC"": 0.0, ""Garage_Finish"": 0.0, ""Garage_Cond"": 0.0, ""Wood_Deck_SF"": 33.0, ""Open_Porch_SF"": 0.0, ""Bsmt_Full_Bath"": 0.0, ""House_Style_One_Story"": 0.0, ""Sale_Type_New"": 0.0, ""Bedroom_AbvGr"": 0.0, ""Garage_Qual"": 0.0, ""Kitchen_AbvGr"": 0.0, ""Pool_Area"": 0.0, ""Overall_Cond"": 2.0}","{""Exter_Qual"": 900.0, ""Garage_Area"": 3710.0, ""Fireplaces"": 6942.0, ""Year_Remod_Add"": 0.0, ""Wood_Deck_SF"": 330.0, ""Overall_Cond"": 0.0}"
2367,30000.0,168629.015625,240457.3981758074,11882.0,59946.38255080741,5.04514244662577,"{""First_Flr_SF"": 0.0, ""Second_Flr_SF"": 0.0, ""Year_Built"": 0.0, ""Exter_Qual"": 2.0, ""Total_Bsmt_SF"": 0.0, ""Lot_Area"": 0.0, ""Garage_Area"": 53.0, ""Kitchen_Qual"": 0.0, ""Fireplaces"": 1.0, ""Year_Remod_Add"": 53.0, ""Sale_Condition_Normal"": 0.0, ""Longitude"": 0.0, ""Full_Bath"": 0.0, ""Bsmt_Qual"": 0.0, ""Latitude"": 0.0, ""Bsmt_Exposure"": 0.0, ""TotRms_AbvGrd"": 0.0, ""Half_Bath"": 0.0, ""Heating_QC"": 0.0, ""Garage_Finish"": 0.0, ""Garage_Cond"": 0.0, ""Wood_Deck_SF"": 33.0, ""Open_Porch_SF"": 0.0, ""Bsmt_Full_Bath"": 0.0, ""House_Style_One_Story"": 0.0, ""Sale_Type_New"": 0.0, ""Bedroom_AbvGr"": 0.0, ""Garage_Qual"": 0.0, ""Kitchen_AbvGr"": 0.0, ""Pool_Area"": 0.0, ""Overall_Cond"": 2.0}","{""Exter_Qual"": 900.0, ""Garage_Area"": 3710.0, ""Fireplaces"": 6942.0, ""Year_Remod_Add"": 0.0, ""Wood_Deck_SF"": 330.0, ""Overall_Cond"": 0.0}"
2367,40000.0,168629.015625,240457.3981758074,11882.0,59946.38255080741,5.04514244662577,"{""First_Flr_SF"": 0.0, ""Second_Flr_SF"": 0.0, ""Year_Built"": 0.0, ""Exter_Qual"": 2.0, ""Total_Bsmt_SF"": 0.0, ""Lot_Area"": 0.0, ""Garage_Area"": 53.0, ""Kitchen_Qual"": 0.0, ""Fireplaces"": 1.0, ""Year_Remod_Add"": 53.0, ""Sale_Condition_Normal"": 0.0, ""Longitude"": 0.0, ""Full_Bath"": 0.0, ""Bsmt_Qual"": 0.0, ""Latitude"": 0.0, ""Bsmt_Exposure"": 0.0, ""TotRms_AbvGrd"": 0.0, ""Half_Bath"": 0.0, ""Heating_QC"": 0.0, ""Garage_Finish"": 0.0, ""Garage_Cond"": 0.0, ""Wood_Deck_SF"": 33.0, ""Open_Porch_SF"": -0.0, ""Bsmt_Full_Bath"": -0.0, ""House_Style_One_Story"": 0.0, ""Sale_Type_New"": 0.0, ""Bedroom_AbvGr"": 0.0, ""Garage_Qual"": 0.0, ""Kitchen_AbvGr"": 0.0, ""Pool_Area"": 0.0, ""Overall_Cond"": 2.0}","{""Exter_Qual"": 900.0, ""Garage_Area"": 3710.0, ""Fireplaces"": 6942.0, ""Year_Remod_Add"": 0.0, ""Wood_Deck_SF"": 330.0, ""Overall_Cond"": 0.0}"
2367,50000.0,168629.015625,240457.3981758074,11882.0,59946.38255080741,5.04514244662577,"{""First_Flr_SF"": 0.0, ""Second_Flr_SF"": 0.0, ""Year_Built"": 0.0, ""Exter_Qual"": 2.0, ""Total_Bsmt_SF"": 0.0, ""Lot_Area"": 0.0, ""Garage_Area"": 53.0, ""Kitchen_Qual"": 0.0, ""Fireplaces"": 1.0, ""Year_Remod_Add"": 53.0, ""Sale_Condition_Normal"": 0.0, ""Longitude"": 0.0, ""Full_Bath"": 0.0, ""Bsmt_Qual"": 0.0, ""Latitude"": 0.0, ""Bsmt_Exposure"": 0.0, ""TotRms_AbvGrd"": 0.0, ""Half_Bath"": 0.0, ""Heating_QC"": 0.0, ""Garage_Finish"": 0.0, ""Garage_Cond"": 0.0, ""Wood_Deck_SF"": 33.0, ""Open_Porch_SF"": -0.0, ""Bsmt_Full_Bath"": -0.0, ""House_Style_One_Story"": 0.0, ""Sale_Type_New"": 0.0, ""Bedroom_AbvGr"": 0.0, ""Garage_Qual"": 0.0, ""Kitchen_AbvGr"": 0.0, ""Pool_Area"": 0.0, ""Overall_Cond"": 2.0}","{""Exter_Qual"": 900.0, ""Garage_Area"": 3710.0, ""Fireplaces"": 6942.0, ""Year_Remod_Add"": 0.0, ""Wood_Deck_SF"": 330.0, ""Overall_Cond"": 0.0}"
2367,60000.0,168629.015625,240457.39817580735,11882.0,59946.38255080735,5.045142446625766,"{""First_Flr_SF"": 0.0, ""Second_Flr_SF"": 0.0, ""Year_Built"": 0.0, ""Exter_Qual"": 2.0, ""Total_Bsmt_SF"": 0.0, ""Lot_Area"": 0.0, ""Garage_Area"": 53.0, ""Kitchen_Qual"": 0.0, ""Fireplaces"": 1.0, ""Year_Remod_Add"": 53.0, ""Sale_Condition_Normal"": 0.0, ""Longitude"": 0.0, ""Full_Bath"": 0.0, ""Bsmt_Qual"": 0.0, ""Latitude"": 0.0, ""Bsmt_Exposure"": 0.0, ""TotRms_AbvGrd"": 0.0, ""Half_Bath"": 0.0, ""Heating_QC"": 0.0, ""Garage_Finish"": 0.0, ""Garage_Cond"": 0.0, ""Wood_Deck_SF"": 33.0, ""Open_Porch_SF"": 0.0, ""Bsmt_Full_Bath"": 0.0, ""House_Style_One_Story"": 0.0, ""Sale_Type_New"": 0.0, ""Bedroom_AbvGr"": 0.0, ""Garage_Qual"": 0.0, ""Kitchen_AbvGr"": 0.0, ""Pool_Area"": 0.0, ""Overall_Cond"": 2.0}","{""Exter_Qual"": 900.0, ""Garage_Area"": 3710.0, ""Fireplaces"": 6942.0, ""Year_Remod_Add"": 0.0, ""Wood_Deck_SF"": 330.0, ""Overall_Cond"": 0.0}"
2367,70000.0,168629.015625,240457.40166353722,11882.0,59946.386038537225,5.045142740156305,"{""First_Flr_SF"": 0.0, ""Second_Flr_SF"": 0.0, ""Year_Built"": 0.0, ""Exter_Qual"": 2.0, ""Total_Bsmt_SF"": 0.0, ""Lot_Area"": 0.0, ""Garage_Area"": 53.0, ""Kitchen_Qual"": 0.0, ""Fireplaces"": 1.0, ""Year_Remod_Add"": 53.0, ""Sale_Condition_Normal"": 0.0, ""Longitude"": 0.0, ""Full_Bath"": 0.0, ""Bsmt_Qual"": 0.0, ""Latitude"": 0.0, ""Bsmt_Exposure"": 0.0, ""TotRms_AbvGrd"": 0.0, ""Half_Bath"": 0.0, ""Heating_QC"": 0.0, ""Garage_Finish"": 0.0, ""Garage_Cond"": 0.0, ""Wood_Deck_SF"": 33.0, ""Open_Porch_SF"": -0.0, ""Bsmt_Full_Bath"": -0.0, ""House_Style_One_Story"": 0.0, ""Sale_Type_New"": 0.0, ""Bedroom_AbvGr"": 0.0, ""Garage_Qual"": 0.0, ""Kitchen_AbvGr"": 0.0, ""Pool_Area"": 0.0, ""Overall_Cond"": 2.0}","{""Exter_Qual"": 900.0, ""Garage_Area"": 3710.0, ""Fireplaces"": 6942.0, ""Year_Remod_Add"": 0.0, ""Wood_Deck_SF"": 330.0, ""Overall_Cond"": 0.0}"
2367,80000.0,168629.015625,240457.3982888136,11882.0,59946.382663813594,5.045142456136475,"{""First_Flr_SF"": 0.0, ""Second_Flr_SF"": 0.0, ""Year_Built"": 0.0, ""Exter_Qual"": 2.0, ""Total_Bsmt_SF"": 0.0, ""Lot_Area"": 0.0, ""Garage_Area"": 53.0, ""Kitchen_Qual"": 0.0, ""Fireplaces"": 1.0, ""Year_Remod_Add"": 53.0, ""Sale_Condition_Normal"": 0.0, ""Longitude"": 0.0, ""Full_Bath"": 0.0, ""Bsmt_Qual"": 0.0, ""Latitude"": 0.0, ""Bsmt_Exposure"": 0.0, ""TotRms_AbvGrd"": 0.0, ""Half_Bath"": 0.0, ""Heating_QC"": 0.0, ""Garage_Finish"": 0.0, ""Garage_Cond"": 0.0, ""Wood_Deck_SF"": 33.0, ""Open_Porch_SF"": -0.0, ""Bsmt_Full_Bath"": -0.0, ""House_Style_One_Story"": 0.0, ""Sale_Type_New"": 0.0, ""Bedroom_AbvGr"": 0.0, ""Garage_Qual"": 0.0, ""Kitchen_AbvGr"": 0.0, ""Pool_Area"": 0.0, ""Overall_Cond"": 2.0}","{""Exter_Qual"": 900.0, ""Garage_Area"": 3710.0, ""Fireplaces"": 6942.0, ""Year_Remod_Add"": 0.0, ""Wood_Deck_SF"": 330.0, ""Overall_Cond"": 0.0}"
2367,90000.0,168629.015625,240457.3981758074,11882.0,59946.38255080741,5.04514244662577,"{""First_Flr_SF"": 0.0, ""Second_Flr_SF"": 0.0, ""Year_Built"": 0.0, ""Exter_Qual"": 2.0, ""Total_Bsmt_SF"": 0.0, ""Lot_Area"": 0.0, ""Garage_Area"": 53.0, ""Kitchen_Qual"": 0.0, ""Fireplaces"": 1.0, ""Year_Remod_Add"": 53.0, ""Sale_Condition_Normal"": 0.0, ""Longitude"": 0.0, ""Full_Bath"": 0.0, ""Bsmt_Qual"": 0.0, ""Latitude"": 0.0, ""Bsmt_Exposure"": 0.0, ""TotRms_AbvGrd"": 0.0, ""Half_Bath"": 0.0, ""Heating_QC"": 0.0, ""Garage_Finish"": 0.0, ""Garage_Cond"": 0.0, ""Wood_Deck_SF"": 33.0, ""Open_Porch_SF"": 0.0, ""Bsmt_Full_Bath"": -0.0, ""House_Style_One_Story"": 0.0, ""Sale_Type_New"": 0.0, ""Bedroom_AbvGr"": 0.0, ""Garage_Qual"": 0.0, ""Kitchen_AbvGr"": 0.0, ""Pool_Area"": 0.0, ""Overall_Cond"": 2.0}","{""Exter_Qual"": 900.0, ""Garage_Area"": 3710.0, ""Fireplaces"": 6942.0, ""Year_Remod_Add"": 0.0, ""Wood_Deck_SF"": 330.0, ""Overall_Cond"": 0.0}"
2367,100000.0,168629.015625,240457.3981877969,11882.0,59946.382562796905,5.0451424476348175,"{""First_Flr_SF"": 0.0, ""Second_Flr_SF"": 0.0, ""Year_Built"": 0.0, ""Exter_Qual"": 2.0, ""Total_Bsmt_SF"": 0.0, ""Lot_Area"": 0.0, ""Garage_Area"": 53.0, ""Kitchen_Qual"": 0.0, ""Fireplaces"": 1.0, ""Year_Remod_Add"": 53.0, ""Sale_Condition_Normal"": 0.0, ""Longitude"": 0.0, ""Full_Bath"": 0.0, ""Bsmt_Qual"": 0.0, ""Latitude"": 0.0, ""Bsmt_Exposure"": 0.0, ""TotRms_AbvGrd"": 0.0, ""Half_Bath"": 0.0, ""Heating_QC"": 0.0, ""Garage_Finish"": 0.0, ""Garage_Cond"": 0.0, ""Wood_Deck_SF"": 33.0, ""Open_Porch_SF"": -0.0, ""Bsmt_Full_Bath"": -0.0, ""House_Style_One_Story"": 0.0, ""Sale_Type_New"": 0.0, ""Bedroom_AbvGr"": 0.0, ""Garage_Qual"": 0.0, ""Kitchen_AbvGr"": 0.0, ""Pool_Area"": 0.0, ""Overall_Cond"": 2.0}","{""Exter_Qual"": 900.0, ""Garage_Area"": 3710.0, ""Fireplaces"": 6942.0, ""Year_Remod_Add"": 0.0, ""Wood_Deck_SF"": 330.0, ""Overall_Cond"": 0.0}"
2822,10000.0,311691.5625,444756.72052935115,9460.0,123605.15802935115,13.066084358282362,"{""First_Flr_SF"": 0.0, ""Second_Flr_SF"": 0.0, ""Year_Built"": 0.0, ""Exter_Qual"": 1.0, ""Total_Bsmt_SF"": 0.0, ""Lot_Area"": 0.0, ""Garage_Area"": 116.0, ""Kitchen_Qual"": 0.0, ""Fireplaces"": 0.0, ""Year_Remod_Add"": 21.0, ""Sale_Condition_Normal"": 0.0, ""Longitude"": 0.0, ""Full_Bath"": 0.0, ""Bsmt_Qual"": 0.0, ""Latitude"": 0.0, ""Bsmt_Exposure"": 0.0, ""TotRms_AbvGrd"": 0.0, ""Half_Bath"": 0.0, ""Heating_QC"": 0.0, ""Garage_Finish"": 0.0, ""Garage_Cond"": 0.0, ""Wood_Deck_SF"": 89.0, ""Open_Porch_SF"": 0.0, ""Bsmt_Full_Bath"": 0.0, ""House_Style_One_Story"": 0.0, ""Sale_Type_New"": 0.0, ""Bedroom_AbvGr"": 0.0, ""Garage_Qual"": 0.0, ""Kitchen_AbvGr"": 0.0, ""Pool_Area"": 0.0, ""Overall_Cond"": 4.0}","{""Exter_Qual"": 450.0, ""Garage_Area"": 8120.0, ""Year_Remod_Add"": 0.0, ""Wood_Deck_SF"": 890.0, ""Overall_Cond"": 0.0}"
2822,20000.0,311691.5625,470771.52099318284,19846.0,139233.95849318284,7.015718960656195,"{""First_Flr_SF"": 0.0, ""Second_Flr_SF"": 0.0, ""Year_Built"": 0.0, ""Exter_Qual"": 1.0, ""Total_Bsmt_SF"": 0.0, ""Lot_Area"": 0.0, ""Garage_Area"": 116.0, ""Kitchen_Qual"": 0.0, ""Fireplaces"": 0.0, ""Year_Remod_Add"": 21.0, ""Sale_Condition_Normal"": 0.0, ""Longitude"": 0.0, ""Full_Bath"": 1.0, ""Bsmt_Qual"": 0.0, ""Latitude"": 0.0, ""Bsmt_Exposure"": 0.0, ""TotRms_AbvGrd"": 0.0, ""Half_Bath"": 0.0, ""Heating_QC"": 0.0, ""Garage_Finish"": 0.0, ""Garage_Cond"": 0.0, ""Wood_Deck_SF"": 89.0, ""Open_Porch_SF"": 0.0, ""Bsmt_Full_Bath"": 0.0, ""House_Style_One_Story"": 0.0, ""Sale_Type_New"": 0.0, ""Bedroom_AbvGr"": 0.0, ""Garage_Qual"": 0.0, ""Kitchen_AbvGr"": 0.0, ""Pool_Area"": 0.0, ""Overall_Cond"": 4.0}","{""Exter_Qual"": 450.0, ""Garage_Area"": 8120.0, ""Year_Remod_Add"": 0.0, ""Full_Bath"": 10386.0, ""Wood_Deck_SF"": 890.0, ""Overall_Cond"": 0.0}"
2822,30000.0,311691.5625,473966.4258145712,20623.0,141651.8633145712,6.86863517987544,"{""First_Flr_SF"": 0.0, ""Second_Flr_SF"": 0.0, ""Year_Built"": 0.0, ""Exter_Qual"": 1.0, ""Total_Bsmt_SF"": 0.0, ""Lot_Area"": 0.0, ""Garage_Area"": 116.0, ""Kitchen_Qual"": 0.0, ""Fireplaces"": 0.0, ""Year_Remod_Add"": 21.0, ""Sale_Condition_Normal"": 0.0, ""Longitude"": 0.0, ""Full_Bath"": 1.0, ""Bsmt_Qual"": 0.0, ""Latitude"": 0.0, ""Bsmt_Exposure"": 0.0, ""TotRms_AbvGrd"": 0.0, ""Half_Bath"": 0.0, ""Heating_QC"": 0.0, ""Garage_Finish"": 0.0, ""Garage_Cond"": 0.0, ""Wood_Deck_SF"": 89.0, ""Open_Porch_SF"": 7.0, ""Bsmt_Full_Bath"": -0.0, ""House_Style_One_Story"": 0.0, ""Sale_Type_New"": 0.0, ""Bedroom_AbvGr"": 0.0, ""Garage_Qual"": 0.0, ""Kitchen_AbvGr"": 0.0, ""Pool_Area"": 0.0, ""Overall_Cond"": 4.0}","{""Exter_Qual"": 450.0, ""Garage_Area"": 8120.0, ""Year_Remod_Add"": 0.0, ""Full_Bath"": 10386.0, ""Wood_Deck_SF"": 890.0, ""Open_Porch_SF"": 777.0, ""Overall_Cond"": 0.0}"
2822,40000.0,311691.5625,509368.6991471303,39810.0,157867.1366471303,3.9655146105785053,"{""First_Flr_SF"": 0.0, ""Second_Flr_SF"": 0.0, ""Year_Built"": 0.0, ""Exter_Qual"": 1.0, ""Total_Bsmt_SF"": 0.0, ""Lot_Area"": 0.0, ""Garage_Area"": 116.0, ""Kitchen_Qual"": 1.0, ""Fireplaces"": 0.0, ""Year_Remod_Add"": 21.0, ""Sale_Condition_Normal"": 0.0, ""Longitude"": 0.0, ""Full_Bath"": 1.0, ""Bsmt_Qual"": 0.0, ""Latitude"": 0.0, ""Bsmt_Exposure"": 0.0, ""TotRms_AbvGrd"": 0.0, ""Half_Bath"": 0.0, ""Heating_QC"": 0.0, ""Garage_Finish"": 0.0, ""Garage_Cond"": 0.0, ""Wood_Deck_SF"": 89.0, ""Open_Porch_SF"": 0.0, ""Bsmt_Full_Bath"": -0.0, ""House_Style_One_Story"": 0.0, ""Sale_Type_New"": 0.0, ""Bedroom_AbvGr"": 0.0, ""Garage_Qual"": 0.0, ""Kitchen_AbvGr"": 0.0, ""Pool_Area"": 0.0, ""Overall_Cond"": 4.0}","{""Exter_Qual"": 450.0, ""Garage_Area"": 8120.0, ""Kitchen_Qual"": 19964.0, ""Year_Remod_Add"": 0.0, ""Full_Bath"": 10386.0, ""Wood_Deck_SF"": 890.0, ""Overall_Cond"": 0.0}"
2822,50000.0,311691.5625,512842.80325112515,40587.0,160564.24075112515,3.9560509707819045,"{""First_Flr_SF"": 0.0, ""Second_Flr_SF"": 0.0, ""Year_Built"": 0.0, ""Exter_Qual"": 1.0, ""Total_Bsmt_SF"": 0.0, ""Lot_Area"": 0.0, ""Garage_Area"": 116.0, ""Kitchen_Qual"": 1.0, ""Fireplaces"": 0.0, ""Year_Remod_Add"": 21.0, ""Sale_Condition_Normal"": 0.0, ""Longitude"": 0.0, ""Full_Bath"": 1.0, ""Bsmt_Qual"": 0.0, ""Latitude"": 0.0, ""Bsmt_Exposure"": 0.0, ""TotRms_AbvGrd"": 0.0, ""Half_Bath"": 0.0, ""Heating_QC"": 0.0, ""Garage_Finish"": 0.0, ""Garage_Cond"": 0.0, ""Wood_Deck_SF"": 89.0, ""Open_Porch_SF"": 7.0, ""Bsmt_Full_Bath"": 0.0, ""House_Style_One_Story"": 0.0, ""Sale_Type_New"": 0.0, ""Bedroom_AbvGr"": 0.0, ""Garage_Qual"": 0.0, ""Kitchen_AbvGr"": 0.0, ""Pool_Area"": 0.0, ""Overall_Cond"": 4.0}","{""Exter_Qual"": 450.0, ""Garage_Area"": 8120.0, ""Kitchen_Qual"": 19964.0, ""Year_Remod_Add"": 0.0, ""Full_Bath"": 10386.0, ""Wood_Deck_SF"": 890.0, ""Open_Porch_SF"": 777.0, ""Overall_Cond"": 0.0}"
2822,60000.0,311691.5625,541565.8962595935,56507.0,173367.33375959354,3.0680682704725704,"{""First_Flr_SF"": 0.0, ""Second_Flr_SF"": 0.0, ""Year_Built"": 0.0, ""Exter_Qual"": 1.0, ""Total_Bsmt_SF"": 0.0, ""Lot_Area"": 0.0, ""Garage_Area"": 116.0, ""Kitchen_Qual"": 1.0, ""Fireplaces"": 0.0, ""Year_Remod_Add"": 21.0, ""Sale_Condition_Normal"": 0.0, ""Longitude"": 0.0, ""Full_Bath"": 1.0, ""Bsmt_Qual"": 1.0, ""Latitude"": 0.0, ""Bsmt_Exposure"": 0.0, ""TotRms_AbvGrd"": 0.0, ""Half_Bath"": 0.0, ""Heating_QC"": 0.0, ""Garage_Finish"": 0.0, ""Garage_Cond"": 0.0, ""Wood_Deck_SF"": 89.0, ""Open_Porch_SF"": 7.0, ""Bsmt_Full_Bath"": -0.0, ""House_Style_One_Story"": 0.0, ""Sale_Type_New"": 0.0, ""Bedroom_AbvGr"": 0.0, ""Garage_Qual"": 0.0, ""Kitchen_AbvGr"": 0.0, ""Pool_Area"": 0.0, ""Overall_Cond"": 4.0}","{""Exter_Qual"": 450.0, ""Garage_Area"": 8120.0, ""Kitchen_Qual"": 19964.0, ""Year_Remod_Add"": 0.0, ""Full_Bath"": 10386.0, ""Wood_Deck_SF"": 890.0, ""Open_Porch_SF"": 777.0, ""Overall_Cond"": 0.0, ""Bsmt_Qual"": 15920.0}"
2822,70000.0,311691.5625,541565.7383723658,56507.0,173367.17587236583,3.068065476354537,"{""First_Flr_SF"": 0.0, ""Second_Flr_SF"": 0.0, ""Year_Built"": 0.0, ""Exter_Qual"": 1.0, ""Total_Bsmt_SF"": 0.0, ""Lot_Area"": 0.0, ""Garage_Area"": 116.0, ""Kitchen_Qual"": 1.0, ""Fireplaces"": 0.0, ""Year_Remod_Add"": 21.0, ""Sale_Condition_Normal"": 0.0, ""Longitude"": 0.0, ""Full_Bath"": 1.0, ""Bsmt_Qual"": 1.0, ""Latitude"": 0.0, ""Bsmt_Exposure"": 0.0, ""TotRms_AbvGrd"": 0.0, ""Half_Bath"": 0.0, ""Heating_QC"": 0.0, ""Garage_Finish"": 0.0, ""Garage_Cond"": 0.0, ""Wood_Deck_SF"": 89.0, ""Open_Porch_SF"": 7.0, ""Bsmt_Full_Bath"": -0.0, ""House_Style_One_Story"": 0.0, ""Sale_Type_New"": 0.0, ""Bedroom_AbvGr"": 0.0, ""Garage_Qual"": 0.0, ""Kitchen_AbvGr"": 0.0, ""Pool_Area"": 0.0, ""Overall_Cond"": 4.0}","{""Exter_Qual"": 450.0, ""Garage_Area"": 8120.0, ""Kitchen_Qual"": 19964.0, ""Year_Remod_Add"": 0.0, ""Full_Bath"": 10386.0, ""Wood_Deck_SF"": 890.0, ""Open_Porch_SF"": 777.0, ""Overall_Cond"": 0.0, ""Bsmt_Qual"": 15920.0}"
2822,80000.0,311691.5625,567605.4804139358,75007.0,180906.91791393585,2.411867131253561,"{""First_Flr_SF"": 0.0, ""Second_Flr_SF"": 0.0, ""Year_Built"": 0.0, ""Exter_Qual"": 1.0, ""Total_Bsmt_SF"": 0.0, ""Lot_Area"": 0.0, ""Garage_Area"": 116.0, ""Kitchen_Qual"": 1.0, ""Fireplaces"": 0.0, ""Year_Remod_Add"": 21.0, ""Sale_Condition_Normal"": 0.0, ""Longitude"": 0.0, ""Full_Bath"": 1.0, ""Bsmt_Qual"": 1.0, ""Latitude"": 0.0, ""Bsmt_Exposure"": 0.0, ""TotRms_AbvGrd"": 0.0, ""Half_Bath"": 0.0, ""Heating_QC"": 0.0, ""Garage_Finish"": 0.0, ""Garage_Cond"": 0.0, ""Wood_Deck_SF"": 89.0, ""Open_Porch_SF"": 7.0, ""Bsmt_Full_Bath"": 1.0, ""House_Style_One_Story"": 0.0, ""Sale_Type_New"": 0.0, ""Bedroom_AbvGr"": 0.0, ""Garage_Qual"": 0.0, ""Kitchen_AbvGr"": 0.0, ""Pool_Area"": 0.0, ""Overall_Cond"": 4.0}","{""Exter_Qual"": 450.0, ""Garage_Area"": 8120.0, ""Kitchen_Qual"": 19964.0, ""Year_Remod_Add"": 0.0, ""Full_Bath"": 10386.0, ""Wood_Deck_SF"": 890.0, ""Open_Porch_SF"": 777.0, ""Bsmt_Full_Bath"": 18500.0, ""Overall_Cond"": 0.0, ""Bsmt_Qual"": 15920.0}"
2822,90000.0,311691.5625,567605.480413936,75007.0,180906.91791393596,2.4118671312535627,"{""First_Flr_SF"": 0.0, ""Second_Flr_SF"": 0.0, ""Year_Built"": 0.0, ""Exter_Qual"": 1.0, ""Total_Bsmt_SF"": 0.0, ""Lot_Area"": 0.0, ""Garage_Area"": 116.0, ""Kitchen_Qual"": 1.0, ""Fireplaces"": 0.0, ""Year_Remod_Add"": 21.0, ""Sale_Condition_Normal"": 0.0, ""Longitude"": 0.0, ""Full_Bath"": 1.0, ""Bsmt_Qual"": 1.0, ""Latitude"": 0.0, ""Bsmt_Exposure"": 0.0, ""TotRms_AbvGrd"": 0.0, ""Half_Bath"": 0.0, ""Heating_QC"": 0.0, ""Garage_Finish"": 0.0, ""Garage_Cond"": 0.0, ""Wood_Deck_SF"": 89.0, ""Open_Porch_SF"": 7.0, ""Bsmt_Full_Bath"": 1.0, ""House_Style_One_Story"": 0.0, ""Sale_Type_New"": 0.0, ""Bedroom_AbvGr"": 0.0, ""Garage_Qual"": 0.0, ""Kitchen_AbvGr"": 0.0, ""Pool_Area"": 0.0, ""Overall_Cond"": 4.0}","{""Exter_Qual"": 450.0, ""Garage_Area"": 8120.0, ""Kitchen_Qual"": 19964.0, ""Year_Remod_Add"": 0.0, ""Full_Bath"": 10386.0, ""Wood_Deck_SF"": 890.0, ""Open_Porch_SF"": 777.0, ""Bsmt_Full_Bath"": 18500.0, ""Overall_Cond"": 0.0, ""Bsmt_Qual"": 15920.0}"
2822,100000.0,311691.5625,567605.4804139358,75007.0,180906.91791393585,2.411867131253561,"{""First_Flr_SF"": 0.0, ""Second_Flr_SF"": 0.0, ""Year_Built"": 0.0, ""Exter_Qual"": 1.0, ""Total_Bsmt_SF"": 0.0, ""Lot_Area"": 0.0, ""Garage_Area"": 116.0, ""Kitchen_Qual"": 1.0, ""Fireplaces"": 0.0, ""Year_Remod_Add"": 21.0, ""Sale_Condition_Normal"": 0.0, ""Longitude"": 0.0, ""Full_Bath"": 1.0, ""Bsmt_Qual"": 1.0, ""Latitude"": 0.0, ""Bsmt_Exposure"": 0.0, ""TotRms_AbvGrd"": 0.0, ""Half_Bath"": 0.0, ""Heating_QC"": 0.0, ""Garage_Finish"": 0.0, ""Garage_Cond"": 0.0, ""Wood_Deck_SF"": 89.0, ""Open_Porch_SF"": 7.0, ""Bsmt_Full_Bath"": 1.0, ""House_Style_One_Story"": 0.0, ""Sale_Type_New"": 0.0, ""Bedroom_AbvGr"": 0.0, ""Garage_Qual"": 0.0, ""Kitchen_AbvGr"": 0.0, ""Pool_Area"": 0.0, ""Overall_Cond"": 4.0}","{""Exter_Qual"": 450.0, ""Garage_Area"": 8120.0, ""Kitchen_Qual"": 19964.0, ""Year_Remod_Add"": 0.0, ""Full_Bath"": 10386.0, ""Wood_Deck_SF"": 890.0, ""Open_Porch_SF"": 777.0, ""Bsmt_Full_Bath"": 18500.0, ""Overall_Cond"": 0.0, ""Bsmt_Qual"": 15920.0}"
2126,10000.0,194201.125,320653.8493219689,9922.0,116530.72432196891,11.744680943556633,"{""First_Flr_SF"": 0.0, ""Second_Flr_SF"": 0.0, ""Year_Built"": 0.0, ""Exter_Qual"": 1.0, ""Total_Bsmt_SF"": 0.0, ""Lot_Area"": 0.0, ""Garage_Area"": 0.0, ""Kitchen_Qual"": 0.0, ""Fireplaces"": 1.0, ""Year_Remod_Add"": 30.0, ""Sale_Condition_Normal"": 0.0, ""Longitude"": 0.0, ""Full_Bath"": 0.0, ""Bsmt_Qual"": 0.0, ""Latitude"": 0.0, ""Bsmt_Exposure"": 0.0, ""TotRms_AbvGrd"": 0.0, ""Half_Bath"": 0.0, ""Heating_QC"": 0.0, ""Garage_Finish"": 3.0, ""Garage_Cond"": 3.0, ""Wood_Deck_SF"": 253.0, ""Open_Porch_SF"": 0.0, ""Bsmt_Full_Bath"": 0.0, ""House_Style_One_Story"": 0.0, ""Sale_Type_New"": 0.0, ""Bedroom_AbvGr"": 0.0, ""Garage_Qual"": 4.0, ""Kitchen_AbvGr"": 0.0, ""Pool_Area"": 0.0, ""Overall_Cond"": 0.0}","{""Exter_Qual"": 450.0, ""Fireplaces"": 6942.0, ""Year_Remod_Add"": 0.0, ""Wood_Deck_SF"": 2530.0, ""Garage_Qual"": 0.0, ""Garage_Cond"": 0.0, ""Garage_Finish"": 0.0}"
2126,20000.0,194201.125,330262.97608278046,16576.0,119485.85108278046,7.208364568217933,"{""First_Flr_SF"": 0.0, ""Second_Flr_SF"": 0.0, ""Year_Built"": 0.0, ""Exter_Qual"": 1.0, ""Total_Bsmt_SF"": 0.0, ""Lot_Area"": 0.0, ""Garage_Area"": -0.0, ""Kitchen_Qual"": 0.0, ""Fireplaces"": 1.0, ""Year_Remod_Add"": 30.0, ""Sale_Condition_Normal"": 0.0, ""Longitude"": 0.0, ""Full_Bath"": 0.0, ""Bsmt_Qual"": 0.0, ""Latitude"": 0.0, ""Bsmt_Exposure"": 0.0, ""TotRms_AbvGrd"": 0.0, ""Half_Bath"": -0.0, ""Heating_QC"": 0.0, ""Garage_Finish"": 3.0, ""Garage_Cond"": 3.0, ""Wood_Deck_SF"": 319.0, ""Open_Porch_SF"": 54.0, ""Bsmt_Full_Bath"": 0.0, ""House_Style_One_Story"": 0.0, ""Sale_Type_New"": 0.0, ""Bedroom_AbvGr"": 0.0, ""Garage_Qual"": 4.0, ""Kitchen_AbvGr"": 0.0, ""Pool_Area"": 0.0, ""Overall_Cond"": 0.0}","{""Exter_Qual"": 450.0, ""Fireplaces"": 6942.0, ""Year_Remod_Add"": 0.0, ""Wood_Deck_SF"": 3190.0, ""Open_Porch_SF"": 5994.0, ""Garage_Qual"": 0.0, ""Garage_Cond"": 0.0, ""Garage_Finish"": 0.0}"
2126,30000.0,194201.125,339247.30442697473,25525.0,119521.17942697473,4.682514375199793,"{""First_Flr_SF"": 0.0, ""Second_Flr_SF"": 0.0, ""Year_Built"": 0.0, ""Exter_Qual"": 2.0, ""Total_Bsmt_SF"": 0.0, ""Lot_Area"": 0.0, ""Garage_Area"": 0.0, ""Kitchen_Qual"": 0.0, ""Fireplaces"": 2.0, ""Year_Remod_Add"": 30.0, ""Sale_Condition_Normal"": 0.0, ""Longitude"": 0.0, ""Full_Bath"": 0.0, ""Bsmt_Qual"": 0.0, ""Latitude"": 0.0, ""Bsmt_Exposure"": 0.0, ""TotRms_AbvGrd"": 0.0, ""Half_Bath"": 1.0, ""Heating_QC"": 0.0, ""Garage_Finish"": 2.0, ""Garage_Cond"": 3.0, ""Wood_Deck_SF"": 226.0, ""Open_Porch_SF"": 21.0, ""Bsmt_Full_Bath"": 0.0, ""House_Style_One_Story"": 0.0, ""Sale_Type_New"": 0.0, ""Bedroom_AbvGr"": 0.0, ""Garage_Qual"": 4.0, ""Kitchen_AbvGr"": 0.0, ""Pool_Area"": 0.0, ""Overall_Cond"": 4.0}","{""Exter_Qual"": 900.0, ""Fireplaces"": 13884.0, ""Year_Remod_Add"": 0.0, ""Half_Bath"": 6150.0, ""Wood_Deck_SF"": 2260.0, ""Open_Porch_SF"": 2331.0, ""Overall_Cond"": 0.0, ""Garage_Qual"": 0.0, ""Garage_Cond"": 0.0, ""Garage_Finish"": 0.0}"
2126,40000.0,194201.125,339247.30442697485,25525.0,119521.17942697485,4.682514375199799,"{""First_Flr_SF"": 0.0, ""Second_Flr_SF"": 0.0, ""Year_Built"": 0.0, ""Exter_Qual"": 2.0, ""Total_Bsmt_SF"": 0.0, ""Lot_Area"": 0.0, ""Garage_Area"": 0.0, ""Kitchen_Qual"": 0.0, ""Fireplaces"": 2.0, ""Year_Remod_Add"": 30.0, ""Sale_Condition_Normal"": 0.0, ""Longitude"": 0.0, ""Full_Bath"": 0.0, ""Bsmt_Qual"": 0.0, ""Latitude"": 0.0, ""Bsmt_Exposure"": 0.0, ""TotRms_AbvGrd"": 0.0, ""Half_Bath"": 1.0, ""Heating_QC"": 0.0, ""Garage_Finish"": 2.0, ""Garage_Cond"": 3.0, ""Wood_Deck_SF"": 226.0, ""Open_Porch_SF"": 21.0, ""Bsmt_Full_Bath"": 0.0, ""House_Style_One_Story"": 0.0, ""Sale_Type_New"": 0.0, ""Bedroom_AbvGr"": 0.0, ""Garage_Qual"": 4.0, ""Kitchen_AbvGr"": 0.0, ""Pool_Area"": 0.0, ""Overall_Cond"": 4.0}","{""Exter_Qual"": 900.0, ""Fireplaces"": 13884.0, ""Year_Remod_Add"": 0.0, ""Half_Bath"": 6150.0, ""Wood_Deck_SF"": 2260.0, ""Open_Porch_SF"": 2331.0, ""Overall_Cond"": 0.0, ""Garage_Qual"": 0.0, ""Garage_Cond"": 0.0, ""Garage_Finish"": 0.0}"
2126,50000.0,194201.125,339247.30442697473,25525.0,119521.17942697473,4.682514375199793,"{""First_Flr_SF"": 0.0, ""Second_Flr_SF"": 0.0, ""Year_Built"": 0.0, ""Exter_Qual"": 2.0, ""Total_Bsmt_SF"": 0.0, ""Lot_Area"": 0.0, ""Garage_Area"": 0.0, ""Kitchen_Qual"": 0.0, ""Fireplaces"": 2.0, ""Year_Remod_Add"": 30.0, ""Sale_Condition_Normal"": 0.0, ""Longitude"": 0.0, ""Full_Bath"": 0.0, ""Bsmt_Qual"": 0.0, ""Latitude"": 0.0, ""Bsmt_Exposure"": 0.0, ""TotRms_AbvGrd"": 0.0, ""Half_Bath"": 1.0, ""Heating_QC"": 0.0, ""Garage_Finish"": 2.0, ""Garage_Cond"": 3.0, ""Wood_Deck_SF"": 226.0, ""Open_Porch_SF"": 21.0, ""Bsmt_Full_Bath"": 0.0, ""House_Style_One_Story"": 0.0, ""Sale_Type_New"": 0.0, ""Bedroom_AbvGr"": 0.0, ""Garage_Qual"": 4.0, ""Kitchen_AbvGr"": 0.0, ""Pool_Area"": 0.0, ""Overall_Cond"": 4.0}","{""Exter_Qual"": 900.0, ""Fireplaces"": 13884.0, ""Year_Remod_Add"": 0.0, ""Half_Bath"": 6150.0, ""Wood_Deck_SF"": 2260.0, ""Open_Porch_SF"": 2331.0, ""Overall_Cond"": 0.0, ""Garage_Qual"": 0.0, ""Garage_Cond"": 0.0, ""Garage_Finish"": 0.0}"
2126,60000.0,194201.125,339247.30442697473,25525.0,119521.17942697473,4.682514375199793,"{""First_Flr_SF"": 0.0, ""Second_Flr_SF"": 0.0, ""Year_Built"": 0.0, ""Exter_Qual"": 2.0, ""Total_Bsmt_SF"": 0.0, ""Lot_Area"": 0.0, ""Garage_Area"": -0.0, ""Kitchen_Qual"": 0.0, ""Fireplaces"": 2.0, ""Year_Remod_Add"": 30.0, ""Sale_Condition_Normal"": 0.0, ""Longitude"": 0.0, ""Full_Bath"": 0.0, ""Bsmt_Qual"": 0.0, ""Latitude"": 0.0, ""Bsmt_Exposure"": 0.0, ""TotRms_AbvGrd"": 0.0, ""Half_Bath"": 1.0, ""Heating_QC"": 0.0, ""Garage_Finish"": 2.0, ""Garage_Cond"": 3.0, ""Wood_Deck_SF"": 226.0, ""Open_Porch_SF"": 21.0, ""Bsmt_Full_Bath"": 0.0, ""House_Style_One_Story"": 0.0, ""Sale_Type_New"": 0.0, ""Bedroom_AbvGr"": 0.0, ""Garage_Qual"": 4.0, ""Kitchen_AbvGr"": 0.0, ""Pool_Area"": 0.0, ""Overall_Cond"": 4.0}","{""Exter_Qual"": 900.0, ""Fireplaces"": 13884.0, ""Year_Remod_Add"": 0.0, ""Half_Bath"": 6150.0, ""Wood_Deck_SF"": 2260.0, ""Open_Porch_SF"": 2331.0, ""Overall_Cond"": 0.0, ""Garage_Qual"": 0.0, ""Garage_Cond"": 0.0, ""Garage_Finish"": 0.0}"
2126,70000.0,194201.125,384217.1769916746,67816.0,122200.05199167458,1.8019354133489822,"{""First_Flr_SF"": 0.0, ""Second_Flr_SF"": 0.0, ""Year_Built"": 0.0, ""Exter_Qual"": 1.0, ""Total_Bsmt_SF"": 0.0, ""Lot_Area"": 0.0, ""Garage_Area"": 732.0, ""Kitchen_Qual"": 0.0, ""Fireplaces"": 1.0, ""Year_Remod_Add"": 30.0, ""Sale_Condition_Normal"": 0.0, ""Longitude"": 0.0, ""Full_Bath"": 0.0, ""Bsmt_Qual"": 0.0, ""Latitude"": 0.0, ""Bsmt_Exposure"": 0.0, ""TotRms_AbvGrd"": 0.0, ""Half_Bath"": -0.0, ""Heating_QC"": 0.0, ""Garage_Finish"": 3.0, ""Garage_Cond"": 3.0, ""Wood_Deck_SF"": 319.0, ""Open_Porch_SF"": 54.0, ""Bsmt_Full_Bath"": 0.0, ""House_Style_One_Story"": 0.0, ""Sale_Type_New"": 0.0, ""Bedroom_AbvGr"": 0.0, ""Garage_Qual"": 4.0, ""Kitchen_AbvGr"": 0.0, ""Pool_Area"": 0.0, ""Overall_Cond"": 0.0}","{""Exter_Qual"": 450.0, ""Garage_Area"": 51240.0, ""Fireplaces"": 6942.0, ""Year_Remod_Add"": 0.0, ""Wood_Deck_SF"": 3190.0, ""Open_Porch_SF"": 5994.0, ""Garage_Qual"": 0.0, ""Garage_Cond"": 0.0, ""Garage_Finish"": 0.0}"
2126,80000.0,194201.125,404472.0999603685,79984.0,130286.97496036848,1.6289129695985256,"{""First_Flr_SF"": 0.0, ""Second_Flr_SF"": 0.0, ""Year_Built"": 0.0, ""Exter_Qual"": 1.0, ""Total_Bsmt_SF"": 0.0, ""Lot_Area"": 0.0, ""Garage_Area"": 732.0, ""Kitchen_Qual"": 0.0, ""Fireplaces"": -0.0, ""Year_Remod_Add"": 30.0, ""Sale_Condition_Normal"": 0.0, ""Longitude"": 0.0, ""Full_Bath"": 0.0, ""Bsmt_Qual"": 1.0, ""Latitude"": 0.0, ""Bsmt_Exposure"": 0.0, ""TotRms_AbvGrd"": 0.0, ""Half_Bath"": -0.0, ""Heating_QC"": 0.0, ""Garage_Finish"": 3.0, ""Garage_Cond"": 3.0, ""Wood_Deck_SF"": 250.0, ""Open_Porch_SF"": 54.0, ""Bsmt_Full_Bath"": 0.0, ""House_Style_One_Story"": 0.0, ""Sale_Type_New"": 0.0, ""Bedroom_AbvGr"": 0.0, ""Garage_Qual"": 4.0, ""Kitchen_AbvGr"": 0.0, ""Pool_Area"": 0.0, ""Overall_Cond"": 0.0}","{""Exter_Qual"": 450.0, ""Garage_Area"": 51240.0, ""Year_Remod_Add"": 0.0, ""Wood_Deck_SF"": 2500.0, ""Open_Porch_SF"": 5994.0, ""Garage_Qual"": 0.0, ""Garage_Cond"": 0.0, ""Garage_Finish"": 0.0, ""Bsmt_Qual"": 19800.0}"
2126,90000.0,194201.125,423831.91230797506,87616.0,142014.78730797506,1.6208773204434699,"{""First_Flr_SF"": 0.0, ""Second_Flr_SF"": 0.0, ""Year_Built"": 0.0, ""Exter_Qual"": 1.0, ""Total_Bsmt_SF"": 0.0, ""Lot_Area"": 0.0, ""Garage_Area"": 732.0, ""Kitchen_Qual"": 0.0, ""Fireplaces"": 1.0, ""Year_Remod_Add"": 30.0, ""Sale_Condition_Normal"": 0.0, ""Longitude"": 0.0, ""Full_Bath"": 0.0, ""Bsmt_Qual"": 1.0, ""Latitude"": 0.0, ""Bsmt_Exposure"": 0.0, ""TotRms_AbvGrd"": 0.0, ""Half_Bath"": -0.0, ""Heating_QC"": 0.0, ""Garage_Finish"": 3.0, ""Garage_Cond"": 3.0, ""Wood_Deck_SF"": 319.0, ""Open_Porch_SF"": 54.0, ""Bsmt_Full_Bath"": 0.0, ""House_Style_One_Story"": 0.0, ""Sale_Type_New"": 0.0, ""Bedroom_AbvGr"": 0.0, ""Garage_Qual"": 4.0, ""Kitchen_AbvGr"": 0.0, ""Pool_Area"": 0.0, ""Overall_Cond"": 0.0}","{""Exter_Qual"": 450.0, ""Garage_Area"": 51240.0, ""Fireplaces"": 6942.0, ""Year_Remod_Add"": 0.0, ""Wood_Deck_SF"": 3190.0, ""Open_Porch_SF"": 5994.0, ""Garage_Qual"": 0.0, ""Garage_Cond"": 0.0, ""Garage_Finish"": 0.0, ""Bsmt_Qual"": 19800.0}"
2126,100000.0,194201.125,442688.8371141276,99026.0,149461.7121141276,1.509317877265845,"{""First_Flr_SF"": 0.0, ""Second_Flr_SF"": 0.0, ""Year_Built"": 0.0, ""Exter_Qual"": 1.0, ""Total_Bsmt_SF"": 0.0, ""Lot_Area"": 0.0, ""Garage_Area"": 895.0, ""Kitchen_Qual"": 0.0, ""Fireplaces"": 1.0, ""Year_Remod_Add"": 30.0, ""Sale_Condition_Normal"": 0.0, ""Longitude"": 0.0, ""Full_Bath"": 0.0, ""Bsmt_Qual"": 1.0, ""Latitude"": 0.0, ""Bsmt_Exposure"": 0.0, ""TotRms_AbvGrd"": 0.0, ""Half_Bath"": -0.0, ""Heating_QC"": 0.0, ""Garage_Finish"": 3.0, ""Garage_Cond"": 3.0, ""Wood_Deck_SF"": 319.0, ""Open_Porch_SF"": 54.0, ""Bsmt_Full_Bath"": 0.0, ""House_Style_One_Story"": 0.0, ""Sale_Type_New"": 0.0, ""Bedroom_AbvGr"": 0.0, ""Garage_Qual"": 4.0, ""Kitchen_AbvGr"": 0.0, ""Pool_Area"": 0.0, ""Overall_Cond"": 0.0}","{""Exter_Qual"": 450.0, ""Garage_Area"": 62650.0, ""Fireplaces"": 6942.0, ""Year_Remod_Add"": 0.0, ""Wood_Deck_SF"": 3190.0, ""Open_Porch_SF"": 5994.0, ""Garage_Qual"": 0.0, ""Garage_Cond"": 0.0, ""Garage_Finish"": 0.0, ""Bsmt_Qual"": 19800.0}"
2415,10000.0,283643.28125,372682.7108620305,9973.0,79066.42961203051,7.9280486926732685,"{""First_Flr_SF"": 0.0, ""Second_Flr_SF"": 0.0, ""Year_Built"": 0.0, ""Exter_Qual"": 1.0, ""Total_Bsmt_SF"": 0.0, ""Lot_Area"": 0.0, ""Garage_Area"": 14.0, ""Kitchen_Qual"": 0.0, ""Fireplaces"": -0.0, ""Year_Remod_Add"": 19.0, ""Sale_Condition_Normal"": 0.0, ""Longitude"": 0.0, ""Full_Bath"": 0.0, ""Bsmt_Qual"": 0.0, ""Latitude"": 0.0, ""Bsmt_Exposure"": 0.0, ""TotRms_AbvGrd"": 0.0, ""Half_Bath"": -0.0, ""Heating_QC"": 0.0, ""Garage_Finish"": 0.0, ""Garage_Cond"": 0.0, ""Wood_Deck_SF"": 266.0, ""Open_Porch_SF"": 53.0, ""Bsmt_Full_Bath"": 0.0, ""House_Style_One_Story"": 0.0, ""Sale_Type_New"": 0.0, ""Bedroom_AbvGr"": 0.0, ""Garage_Qual"": 0.0, ""Kitchen_AbvGr"": 0.0, ""Pool_Area"": 0.0, ""Overall_Cond"": 2.0}","{""Exter_Qual"": 450.0, ""Garage_Area"": 980.0, ""Year_Remod_Add"": 0.0, ""Wood_Deck_SF"": 2660.0, ""Open_Porch_SF"": 5883.0, ""Overall_Cond"": 0.0}"
2415,20000.0,283643.28125,399057.61605975847,19246.0,96168.33480975847,4.996795947716849,"{""First_Flr_SF"": 0.0, ""Second_Flr_SF"": 0.0, ""Year_Built"": 0.0, ""Exter_Qual"": 1.0, ""Total_Bsmt_SF"": 0.0, ""Lot_Area"": 0.0, ""Garage_Area"": 125.0, ""Kitchen_Qual"": 0.0, ""Fireplaces"": 1.0, ""Year_Remod_Add"": 19.0, ""Sale_Condition_Normal"": 0.0, ""Longitude"": 0.0, ""Full_Bath"": 0.0, ""Bsmt_Qual"": 0.0, ""Latitude"": 0.0, ""Bsmt_Exposure"": 0.0, ""TotRms_AbvGrd"": 0.0, ""Half_Bath"": -0.0, ""Heating_QC"": 0.0, ""Garage_Finish"": 0.0, ""Garage_Cond"": 0.0, ""Wood_Deck_SF"": 266.0, ""Open_Porch_SF"": 4.0, ""Bsmt_Full_Bath"": -0.0, ""House_Style_One_Story"": 0.0, ""Sale_Type_New"": 0.0, ""Bedroom_AbvGr"": 0.0, ""Garage_Qual"": 0.0, ""Kitchen_AbvGr"": 0.0, ""Pool_Area"": 0.0, ""Overall_Cond"": 2.0}","{""Exter_Qual"": 450.0, ""Garage_Area"": 8750.0, ""Fireplaces"": 6942.0, ""Year_Remod_Add"": 0.0, ""Wood_Deck_SF"": 2660.0, ""Open_Porch_SF"": 444.0, ""Overall_Cond"": 0.0}"
2415,30000.0,283643.28125,420944.4398854399,27706.0,109595.15863543988,3.9556471029899614,"{""First_Flr_SF"": 0.0, ""Second_Flr_SF"": 0.0, ""Year_Built"": 0.0, ""Exter_Qual"": 1.0, ""Total_Bsmt_SF"": 170.0, ""Lot_Area"": 0.0, ""Garage_Area"": 3.0, ""Kitchen_Qual"": 0.0, ""Fireplaces"": 1.0, ""Year_Remod_Add"": 19.0, ""Sale_Condition_Normal"": 0.0, ""Longitude"": 0.0, ""Full_Bath"": 0.0, ""Bsmt_Qual"": 0.0, ""Latitude"": 0.0, ""Bsmt_Exposure"": 0.0, ""TotRms_AbvGrd"": 0.0, ""Half_Bath"": -0.0, ""Heating_QC"": 0.0, ""Garage_Finish"": 0.0, ""Garage_Cond"": 0.0, ""Wood_Deck_SF"": 266.0, ""Open_Porch_SF"": 4.0, ""Bsmt_Full_Bath"": -0.0, ""House_Style_One_Story"": 0.0, ""Sale_Type_New"": 0.0, ""Bedroom_AbvGr"": 0.0, ""Garage_Qual"": 0.0, ""Kitchen_AbvGr"": 0.0, ""Pool_Area"": 0.0, ""Overall_Cond"": 2.0}","{""Exter_Qual"": 450.0, ""Total_Bsmt_SF"": 17000.0, ""Garage_Area"": 210.0, ""Fireplaces"": 6942.0, ""Year_Remod_Add"": 0.0, ""Wood_Deck_SF"": 2660.0, ""Open_Porch_SF"": 444.0, ""Overall_Cond"": 0.0}"
2415,40000.0,283643.28125,457296.7529551287,39965.0,133688.47170512867,3.3451387890686517,"{""First_Flr_SF"": 0.0, ""Second_Flr_SF"": 0.0, ""Year_Built"": 0.0, ""Exter_Qual"": 1.0, ""Total_Bsmt_SF"": 170.0, ""Lot_Area"": 0.0, ""Garage_Area"": 123.0, ""Kitchen_Qual"": 0.0, ""Fireplaces"": 1.0, ""Year_Remod_Add"": 19.0, ""Sale_Condition_Normal"": 0.0, ""Longitude"": 0.0, ""Full_Bath"": 0.0, ""Bsmt_Qual"": 0.0, ""Latitude"": 0.0, ""Bsmt_Exposure"": 0.0, ""TotRms_AbvGrd"": 0.0, ""Half_Bath"": -0.0, ""Heating_QC"": 0.0, ""Garage_Finish"": 0.0, ""Garage_Cond"": 0.0, ""Wood_Deck_SF"": 219.0, ""Open_Porch_SF"": 43.0, ""Bsmt_Full_Bath"": -0.0, ""House_Style_One_Story"": 0.0, ""Sale_Type_New"": 0.0, ""Bedroom_AbvGr"": 0.0, ""Garage_Qual"": 0.0, ""Kitchen_AbvGr"": 0.0, ""Pool_Area"": 0.0, ""Overall_Cond"": 2.0}","{""Exter_Qual"": 450.0, ""Total_Bsmt_SF"": 17000.0, ""Garage_Area"": 8610.0, ""Fireplaces"": 6942.0, ""Year_Remod_Add"": 0.0, ""Wood_Deck_SF"": 2190.0, ""Open_Porch_SF"": 4773.0, ""Overall_Cond"": 0.0}"
2415,50000.0,283643.28125,478878.63046825945,49959.0,145276.34921825945,2.9079114717720422,"{""First_Flr_SF"": 0.0, ""Second_Flr_SF"": 0.0, ""Year_Built"": 0.0, ""Exter_Qual"": 1.0, ""Total_Bsmt_SF"": 170.0, ""Lot_Area"": 0.0, ""Garage_Area"": 123.0, ""Kitchen_Qual"": 0.0, ""Fireplaces"": 1.0, ""Year_Remod_Add"": 19.0, ""Sale_Condition_Normal"": 0.0, ""Longitude"": 0.0, ""Full_Bath"": 1.0, ""Bsmt_Qual"": 0.0, ""Latitude"": 0.0, ""Bsmt_Exposure"": 0.0, ""TotRms_AbvGrd"": 0.0, ""Half_Bath"": -0.0, ""Heating_QC"": 0.0, ""Garage_Finish"": 0.0, ""Garage_Cond"": 0.0, ""Wood_Deck_SF"": 202.0, ""Open_Porch_SF"": 41.0, ""Bsmt_Full_Bath"": -0.0, ""House_Style_One_Story"": 0.0, ""Sale_Type_New"": 0.0, ""Bedroom_AbvGr"": 0.0, ""Garage_Qual"": 0.0, ""Kitchen_AbvGr"": 0.0, ""Pool_Area"": 0.0, ""Overall_Cond"": 2.0}","{""Exter_Qual"": 450.0, ""Total_Bsmt_SF"": 17000.0, ""Garage_Area"": 8610.0, ""Fireplaces"": 6942.0, ""Year_Remod_Add"": 0.0, ""Full_Bath"": 10386.0, ""Wood_Deck_SF"": 2020.0, ""Open_Porch_SF"": 4551.0, ""Overall_Cond"": 0.0}"
2415,60000.0,283643.28125,493235.4967766661,54961.0,154631.21552666608,2.81347165311159,"{""First_Flr_SF"": 0.0, ""Second_Flr_SF"": 0.0, ""Year_Built"": 0.0, ""Exter_Qual"": 1.0, ""Total_Bsmt_SF"": 198.0, ""Lot_Area"": 0.0, ""Garage_Area"": 125.0, ""Kitchen_Qual"": 0.0, ""Fireplaces"": 1.0, ""Year_Remod_Add"": 19.0, ""Sale_Condition_Normal"": 0.0, ""Longitude"": 0.0, ""Full_Bath"": 1.0, ""Bsmt_Qual"": 0.0, ""Latitude"": 0.0, ""Bsmt_Exposure"": 0.0, ""TotRms_AbvGrd"": 0.0, ""Half_Bath"": -0.0, ""Heating_QC"": 0.0, ""Garage_Finish"": 0.0, ""Garage_Cond"": 0.0, ""Wood_Deck_SF"": 275.0, ""Open_Porch_SF"": 53.0, ""Bsmt_Full_Bath"": -0.0, ""House_Style_One_Story"": 0.0, ""Sale_Type_New"": 0.0, ""Bedroom_AbvGr"": 0.0, ""Garage_Qual"": 0.0, ""Kitchen_AbvGr"": 0.0, ""Pool_Area"": 0.0, ""Overall_Cond"": 2.0}","{""Exter_Qual"": 450.0, ""Total_Bsmt_SF"": 19800.0, ""Garage_Area"": 8750.0, ""Fireplaces"": 6942.0, ""Year_Remod_Add"": 0.0, ""Full_Bath"": 10386.0, ""Wood_Deck_SF"": 2750.0, ""Open_Porch_SF"": 5883.0, ""Overall_Cond"": 0.0}"
2415,70000.0,283643.28125,521304.8742419585,69981.0,167680.5929919585,2.396087409324795,"{""First_Flr_SF"": 0.0, ""Second_Flr_SF"": 0.0, ""Year_Built"": 0.0, ""Exter_Qual"": 0.0, ""Total_Bsmt_SF"": 170.0, ""Lot_Area"": 0.0, ""Garage_Area"": 123.0, ""Kitchen_Qual"": 0.0, ""Fireplaces"": 1.0, ""Year_Remod_Add"": 19.0, ""Sale_Condition_Normal"": 0.0, ""Longitude"": 0.0, ""Full_Bath"": 1.0, ""Bsmt_Qual"": 0.0, ""Latitude"": 0.0, ""Bsmt_Exposure"": 0.0, ""TotRms_AbvGrd"": 0.0, ""Half_Bath"": 0.0, ""Heating_QC"": 0.0, ""Garage_Finish"": 0.0, ""Garage_Cond"": 0.0, ""Wood_Deck_SF"": 266.0, ""Open_Porch_SF"": 53.0, ""Bsmt_Full_Bath"": 1.0, ""House_Style_One_Story"": 0.0, ""Sale_Type_New"": 0.0, ""Bedroom_AbvGr"": 0.0, ""Garage_Qual"": 0.0, ""Kitchen_AbvGr"": 0.0, ""Pool_Area"": 0.0, ""Overall_Cond"": 1.0}","{""Total_Bsmt_SF"": 17000.0, ""Garage_Area"": 8610.0, ""Fireplaces"": 6942.0, ""Year_Remod_Add"": 0.0, ""Full_Bath"": 10386.0, ""Wood_Deck_SF"": 2660.0, ""Open_Porch_SF"": 5883.0, ""Bsmt_Full_Bath"": 18500.0, ""Overall_Cond"": 0.0}"
2415,80000.0,283643.28125,536960.0486665057,77796.0,175520.76741650573,2.256166993373769,"{""First_Flr_SF"": 100.0, ""Second_Flr_SF"": 0.0, ""Year_Built"": 0.0, ""Exter_Qual"": 1.0, ""Total_Bsmt_SF"": 170.0, ""Lot_Area"": 0.0, ""Garage_Area"": 123.0, ""Kitchen_Qual"": 0.0, ""Fireplaces"": 1.0, ""Year_Remod_Add"": 19.0, ""Sale_Condition_Normal"": 0.0, ""Longitude"": 0.0, ""Full_Bath"": 1.0, ""Bsmt_Qual"": 0.0, ""Latitude"": 0.0, ""Bsmt_Exposure"": 0.0, ""TotRms_AbvGrd"": 0.0, ""Half_Bath"": -0.0, ""Heating_QC"": 0.0, ""Garage_Finish"": 0.0, ""Garage_Cond"": 0.0, ""Wood_Deck_SF"": 275.0, ""Open_Porch_SF"": 53.0, ""Bsmt_Full_Bath"": -0.0, ""House_Style_One_Story"": 0.0, ""Sale_Type_New"": 0.0, ""Bedroom_AbvGr"": 0.0, ""Garage_Qual"": 1.0, ""Kitchen_AbvGr"": 0.0, ""Pool_Area"": 0.0, ""Overall_Cond"": 2.0}","{""First_Flr_SF"": 15100.0, ""Exter_Qual"": 450.0, ""Total_Bsmt_SF"": 17000.0, ""Garage_Area"": 8610.0, ""Fireplaces"": 6942.0, ""Year_Remod_Add"": 0.0, ""Full_Bath"": 10386.0, ""Wood_Deck_SF"": 2750.0, ""Open_Porch_SF"": 5883.0, ""Overall_Cond"": 0.0, ""Garage_Qual"": 10675.0}"
2415,90000.0,283643.28125,562982.4684855279,88795.0,190544.1872355279,2.1458887013404797,"{""First_Flr_SF"": 124.0, ""Second_Flr_SF"": 0.0, ""Year_Built"": 0.0, ""Exter_Qual"": 0.0, ""Total_Bsmt_SF"": 170.0, ""Lot_Area"": 0.0, ""Garage_Area"": 123.0, ""Kitchen_Qual"": 0.0, ""Fireplaces"": 1.0, ""Year_Remod_Add"": 19.0, ""Sale_Condition_Normal"": 0.0, ""Longitude"": 0.0, ""Full_Bath"": 1.0, ""Bsmt_Qual"": 0.0, ""Latitude"": 0.0, ""Bsmt_Exposure"": 0.0, ""TotRms_AbvGrd"": 0.0, ""Half_Bath"": -0.0, ""Heating_QC"": 0.0, ""Garage_Finish"": 0.0, ""Garage_Cond"": 0.0, ""Wood_Deck_SF"": 275.0, ""Open_Porch_SF"": 53.0, ""Bsmt_Full_Bath"": 1.0, ""House_Style_One_Story"": 0.0, ""Sale_Type_New"": 0.0, ""Bedroom_AbvGr"": 0.0, ""Garage_Qual"": 0.0, ""Kitchen_AbvGr"": 0.0, ""Pool_Area"": 0.0, ""Overall_Cond"": 1.0}","{""First_Flr_SF"": 18724.0, ""Total_Bsmt_SF"": 17000.0, ""Garage_Area"": 8610.0, ""Fireplaces"": 6942.0, ""Year_Remod_Add"": 0.0, ""Full_Bath"": 10386.0, ""Wood_Deck_SF"": 2750.0, ""Open_Porch_SF"": 5883.0, ""Bsmt_Full_Bath"": 18500.0, ""Overall_Cond"": 0.0}"
2415,100000.0,283643.28125,582170.719029602,99920.0,198607.437779602,1.987664509403543,"{""First_Flr_SF"": 124.0, ""Second_Flr_SF"": 0.0, ""Year_Built"": 0.0, ""Exter_Qual"": 1.0, ""Total_Bsmt_SF"": 170.0, ""Lot_Area"": 0.0, ""Garage_Area"": 123.0, ""Kitchen_Qual"": 0.0, ""Fireplaces"": 1.0, ""Year_Remod_Add"": 19.0, ""Sale_Condition_Normal"": 0.0, ""Longitude"": 0.0, ""Full_Bath"": 1.0, ""Bsmt_Qual"": 0.0, ""Latitude"": 0.0, ""Bsmt_Exposure"": 0.0, ""TotRms_AbvGrd"": 0.0, ""Half_Bath"": -0.0, ""Heating_QC"": 0.0, ""Garage_Finish"": 0.0, ""Garage_Cond"": 0.0, ""Wood_Deck_SF"": 275.0, ""Open_Porch_SF"": 53.0, ""Bsmt_Full_Bath"": 1.0, ""House_Style_One_Story"": 0.0, ""Sale_Type_New"": 0.0, ""Bedroom_AbvGr"": 0.0, ""Garage_Qual"": 1.0, ""Kitchen_AbvGr"": 0.0, ""Pool_Area"": 0.0, ""Overall_Cond"": 2.0}","{""First_Flr_SF"": 18724.0, ""Exter_Qual"": 450.0, ""Total_Bsmt_SF"": 17000.0, ""Garage_Area"": 8610.0, ""Fireplaces"": 6942.0, ""Year_Remod_Add"": 0.0, ""Full_Bath"": 10386.0, ""Wood_Deck_SF"": 2750.0, ""Open_Porch_SF"": 5883.0, ""Bsmt_Full_Bath"": 18500.0, ""Overall_Cond"": 0.0, ""Garage_Qual"": 10675.0}"
2227,10000.0,264389.34375,339800.65079381457,8042.0,67369.30704381457,8.377183168840409,"{""First_Flr_SF"": 0.0, ""Second_Flr_SF"": 0.0, ""Year_Built"": 0.0, ""Exter_Qual"": 2.0, ""Total_Bsmt_SF"": 0.0, ""Lot_Area"": 0.0, ""Garage_Area"": 2.0, ""Kitchen_Qual"": 0.0, ""Fireplaces"": 1.0, ""Year_Remod_Add"": 37.0, ""Sale_Condition_Normal"": 0.0, ""Longitude"": 0.0, ""Full_Bath"": 0.0, ""Bsmt_Qual"": 0.0, ""Latitude"": 0.0, ""Bsmt_Exposure"": 0.0, ""TotRms_AbvGrd"": 0.0, ""Half_Bath"": -0.0, ""Heating_QC"": 0.0, ""Garage_Finish"": 0.0, ""Garage_Cond"": 0.0, ""Wood_Deck_SF"": 6.0, ""Open_Porch_SF"": -0.0, ""Bsmt_Full_Bath"": 0.0, ""House_Style_One_Story"": 0.0, ""Sale_Type_New"": 0.0, ""Bedroom_AbvGr"": 0.0, ""Garage_Qual"": 0.0, ""Kitchen_AbvGr"": 0.0, ""Pool_Area"": 0.0, ""Overall_Cond"": 3.0}","{""Exter_Qual"": 900.0, ""Garage_Area"": 140.0, ""Fireplaces"": 6942.0, ""Year_Remod_Add"": 0.0, ""Wood_Deck_SF"": 60.0, ""Overall_Cond"": 0.0}"
2227,20000.0,264389.34375,363144.71757564,18096.0,80659.37382564001,4.45730403545756,"{""First_Flr_SF"": 0.0, ""Second_Flr_SF"": 0.0, ""Year_Built"": 0.0, ""Exter_Qual"": 1.0, ""Total_Bsmt_SF"": 0.0, ""Lot_Area"": 0.0, ""Garage_Area"": 41.0, ""Kitchen_Qual"": 0.0, ""Fireplaces"": 1.0, ""Year_Remod_Add"": 37.0, ""Sale_Condition_Normal"": 0.0, ""Longitude"": 0.0, ""Full_Bath"": 0.0, ""Bsmt_Qual"": 0.0, ""Latitude"": 0.0, ""Bsmt_Exposure"": 0.0, ""TotRms_AbvGrd"": 0.0, ""Half_Bath"": -0.0, ""Heating_QC"": 0.0, ""Garage_Finish"": 0.0, ""Garage_Cond"": 0.0, ""Wood_Deck_SF"": 184.0, ""Open_Porch_SF"": 54.0, ""Bsmt_Full_Bath"": 0.0, ""House_Style_One_Story"": 0.0, ""Sale_Type_New"": 0.0, ""Bedroom_AbvGr"": 0.0, ""Garage_Qual"": 0.0, ""Kitchen_AbvGr"": 0.0, ""Pool_Area"": 0.0, ""Overall_Cond"": 0.0}","{""Exter_Qual"": 450.0, ""Garage_Area"": 2870.0, ""Fireplaces"": 6942.0, ""Year_Remod_Add"": 0.0, ""Wood_Deck_SF"": 1840.0, ""Open_Porch_SF"": 5994.0}"
2227,30000.0,264389.34375,376696.09837155265,23864.0,88442.75462155265,3.706116100467342,"{""First_Flr_SF"": 0.0, ""Second_Flr_SF"": 0.0, ""Year_Built"": 0.0, ""Exter_Qual"": 2.0, ""Total_Bsmt_SF"": 0.0, ""Lot_Area"": 0.0, ""Garage_Area"": 41.0, ""Kitchen_Qual"": 0.0, ""Fireplaces"": 2.0, ""Year_Remod_Add"": 37.0, ""Sale_Condition_Normal"": 0.0, ""Longitude"": 0.0, ""Full_Bath"": 0.0, ""Bsmt_Qual"": 0.0, ""Latitude"": 0.0, ""Bsmt_Exposure"": 0.0, ""TotRms_AbvGrd"": 0.0, ""Half_Bath"": 1.0, ""Heating_QC"": 0.0, ""Garage_Finish"": 0.0, ""Garage_Cond"": 0.0, ""Wood_Deck_SF"": 6.0, ""Open_Porch_SF"": -0.0, ""Bsmt_Full_Bath"": 0.0, ""House_Style_One_Story"": 0.0, ""Sale_Type_New"": 0.0, ""Bedroom_AbvGr"": 0.0, ""Garage_Qual"": 0.0, ""Kitchen_AbvGr"": 0.0, ""Pool_Area"": 0.0, ""Overall_Cond"": 4.0}","{""Exter_Qual"": 900.0, ""Garage_Area"": 2870.0, ""Fireplaces"": 13884.0, ""Year_Remod_Add"": 0.0, ""Half_Bath"": 6150.0, ""Wood_Deck_SF"": 60.0, ""Overall_Cond"": 0.0}"
2227,40000.0,264389.34375,376696.0983715526,23864.0,88442.7546215526,3.7061161004673395,"{""First_Flr_SF"": 0.0, ""Second_Flr_SF"": 0.0, ""Year_Built"": 0.0, ""Exter_Qual"": 2.0, ""Total_Bsmt_SF"": 0.0, ""Lot_Area"": 0.0, ""Garage_Area"": 41.0, ""Kitchen_Qual"": 0.0, ""Fireplaces"": 2.0, ""Year_Remod_Add"": 37.0, ""Sale_Condition_Normal"": 0.0, ""Longitude"": 0.0, ""Full_Bath"": 0.0, ""Bsmt_Qual"": 0.0, ""Latitude"": 0.0, ""Bsmt_Exposure"": 0.0, ""TotRms_AbvGrd"": 0.0, ""Half_Bath"": 1.0, ""Heating_QC"": 0.0, ""Garage_Finish"": 0.0, ""Garage_Cond"": 0.0, ""Wood_Deck_SF"": 6.0, ""Open_Porch_SF"": 0.0, ""Bsmt_Full_Bath"": 0.0, ""House_Style_One_Story"": 0.0, ""Sale_Type_New"": 0.0, ""Bedroom_AbvGr"": 0.0, ""Garage_Qual"": 0.0, ""Kitchen_AbvGr"": 0.0, ""Pool_Area"": 0.0, ""Overall_Cond"": 4.0}","{""Exter_Qual"": 900.0, ""Garage_Area"": 2870.0, ""Fireplaces"": 13884.0, ""Year_Remod_Add"": 0.0, ""Half_Bath"": 6150.0, ""Wood_Deck_SF"": 60.0, ""Overall_Cond"": 0.0}"
2227,50000.0,264389.34375,404281.25085110666,49917.0,89974.90710110666,1.802490275880094,"{""First_Flr_SF"": 0.0, ""Second_Flr_SF"": 0.0, ""Year_Built"": 0.0, ""Exter_Qual"": 1.0, ""Total_Bsmt_SF"": 0.0, ""Lot_Area"": 0.0, ""Garage_Area"": 223.0, ""Kitchen_Qual"": 0.0, ""Fireplaces"": 1.0, ""Year_Remod_Add"": 37.0, ""Sale_Condition_Normal"": 0.0, ""Longitude"": 0.0, ""Full_Bath"": 0.0, ""Bsmt_Qual"": 1.0, ""Latitude"": 0.0, ""Bsmt_Exposure"": 0.0, ""TotRms_AbvGrd"": 0.0, ""Half_Bath"": 0.0, ""Heating_QC"": 0.0, ""Garage_Finish"": 0.0, ""Garage_Cond"": 0.0, ""Wood_Deck_SF"": 184.0, ""Open_Porch_SF"": 45.0, ""Bsmt_Full_Bath"": 0.0, ""House_Style_One_Story"": 0.0, ""Sale_Type_New"": 0.0, ""Bedroom_AbvGr"": 0.0, ""Garage_Qual"": 0.0, ""Kitchen_AbvGr"": 0.0, ""Pool_Area"": 0.0, ""Overall_Cond"": 0.0}","{""Exter_Qual"": 450.0, ""Garage_Area"": 15610.0, ""Fireplaces"": 6942.0, ""Year_Remod_Add"": 0.0, ""Wood_Deck_SF"": 1840.0, ""Open_Porch_SF"": 4995.0, ""Bsmt_Qual"": 20080.0}"
2227,60000.0,264389.34375,423282.00687060144,57066.0,101826.66312060144,1.7843665776574746,"{""First_Flr_SF"": 0.0, ""Second_Flr_SF"": 0.0, ""Year_Built"": 0.0, ""Exter_Qual"": 1.0, ""Total_Bsmt_SF"": 0.0, ""Lot_Area"": 0.0, ""Garage_Area"": 223.0, ""Kitchen_Qual"": 0.0, ""Fireplaces"": 1.0, ""Year_Remod_Add"": 37.0, ""Sale_Condition_Normal"": 0.0, ""Longitude"": 0.0, ""Full_Bath"": 0.0, ""Bsmt_Qual"": 1.0, ""Latitude"": 0.0, ""Bsmt_Exposure"": 0.0, ""TotRms_AbvGrd"": 0.0, ""Half_Bath"": 1.0, ""Heating_QC"": 0.0, ""Garage_Finish"": 0.0, ""Garage_Cond"": 0.0, ""Wood_Deck_SF"": 184.0, ""Open_Porch_SF"": 54.0, ""Bsmt_Full_Bath"": 0.0, ""House_Style_One_Story"": 0.0, ""Sale_Type_New"": 0.0, ""Bedroom_AbvGr"": 0.0, ""Garage_Qual"": 0.0, ""Kitchen_AbvGr"": 0.0, ""Pool_Area"": 0.0, ""Overall_Cond"": 0.0}","{""Exter_Qual"": 450.0, ""Garage_Area"": 15610.0, ""Fireplaces"": 6942.0, ""Year_Remod_Add"": 0.0, ""Half_Bath"": 6150.0, ""Wood_Deck_SF"": 1840.0, ""Open_Porch_SF"": 5994.0, ""Bsmt_Qual"": 20080.0}"
2227,70000.0,264389.34375,437031.03208318615,68476.0,104165.68833318615,1.5211999581340345,"{""First_Flr_SF"": 0.0, ""Second_Flr_SF"": 0.0, ""Year_Built"": 0.0, ""Exter_Qual"": 1.0, ""Total_Bsmt_SF"": 0.0, ""Lot_Area"": 0.0, ""Garage_Area"": 386.0, ""Kitchen_Qual"": 0.0, ""Fireplaces"": 1.0, ""Year_Remod_Add"": 37.0, ""Sale_Condition_Normal"": 0.0, ""Longitude"": 0.0, ""Full_Bath"": 0.0, ""Bsmt_Qual"": 1.0, ""Latitude"": 0.0, ""Bsmt_Exposure"": 0.0, ""TotRms_AbvGrd"": 0.0, ""Half_Bath"": 1.0, ""Heating_QC"": 0.0, ""Garage_Finish"": 0.0, ""Garage_Cond"": 0.0, ""Wood_Deck_SF"": 184.0, ""Open_Porch_SF"": 54.0, ""Bsmt_Full_Bath"": 0.0, ""House_Style_One_Story"": 0.0, ""Sale_Type_New"": 0.0, ""Bedroom_AbvGr"": 0.0, ""Garage_Qual"": 0.0, ""Kitchen_AbvGr"": 0.0, ""Pool_Area"": 0.0, ""Overall_Cond"": 0.0}","{""Exter_Qual"": 450.0, ""Garage_Area"": 27020.0, ""Fireplaces"": 6942.0, ""Year_Remod_Add"": 0.0, ""Half_Bath"": 6150.0, ""Wood_Deck_SF"": 1840.0, ""Open_Porch_SF"": 5994.0, ""Bsmt_Qual"": 20080.0}"
2227,80000.0,264389.34375,454235.76819942694,77030.0,112816.42444942694,1.464577754763429,"{""First_Flr_SF"": 0.0, ""Second_Flr_SF"": 0.0, ""Year_Built"": 0.0, ""Exter_Qual"": 1.0, ""Total_Bsmt_SF"": 0.0, ""Lot_Area"": 0.0, ""Garage_Area"": 223.0, ""Kitchen_Qual"": 1.0, ""Fireplaces"": 1.0, ""Year_Remod_Add"": 37.0, ""Sale_Condition_Normal"": 0.0, ""Longitude"": 0.0, ""Full_Bath"": 0.0, ""Bsmt_Qual"": 1.0, ""Latitude"": 0.0, ""Bsmt_Exposure"": 0.0, ""TotRms_AbvGrd"": 0.0, ""Half_Bath"": 1.0, ""Heating_QC"": 0.0, ""Garage_Finish"": 0.0, ""Garage_Cond"": 0.0, ""Wood_Deck_SF"": 184.0, ""Open_Porch_SF"": 54.0, ""Bsmt_Full_Bath"": 0.0, ""House_Style_One_Story"": 0.0, ""Sale_Type_New"": 0.0, ""Bedroom_AbvGr"": 0.0, ""Garage_Qual"": 0.0, ""Kitchen_AbvGr"": 0.0, ""Pool_Area"": 0.0, ""Overall_Cond"": 0.0}","{""Exter_Qual"": 450.0, ""Garage_Area"": 15610.0, ""Kitchen_Qual"": 19964.0, ""Fireplaces"": 6942.0, ""Year_Remod_Add"": 0.0, ""Half_Bath"": 6150.0, ""Wood_Deck_SF"": 1840.0, ""Open_Porch_SF"": 5994.0, ""Bsmt_Qual"": 20080.0}"
2227,90000.0,264389.34375,468527.37156638864,88440.0,115698.02781638864,1.3082092697465926,"{""First_Flr_SF"": 0.0, ""Second_Flr_SF"": 0.0, ""Year_Built"": 0.0, ""Exter_Qual"": 1.0, ""Total_Bsmt_SF"": 0.0, ""Lot_Area"": 0.0, ""Garage_Area"": 386.0, ""Kitchen_Qual"": 1.0, ""Fireplaces"": 1.0, ""Year_Remod_Add"": 37.0, ""Sale_Condition_Normal"": 0.0, ""Longitude"": 0.0, ""Full_Bath"": 0.0, ""Bsmt_Qual"": 1.0, ""Latitude"": 0.0, ""Bsmt_Exposure"": 0.0, ""TotRms_AbvGrd"": 0.0, ""Half_Bath"": 1.0, ""Heating_QC"": 0.0, ""Garage_Finish"": 0.0, ""Garage_Cond"": 0.0, ""Wood_Deck_SF"": 184.0, ""Open_Porch_SF"": 54.0, ""Bsmt_Full_Bath"": 0.0, ""House_Style_One_Story"": 0.0, ""Sale_Type_New"": 0.0, ""Bedroom_AbvGr"": 0.0, ""Garage_Qual"": 0.0, ""Kitchen_AbvGr"": 0.0, ""Pool_Area"": 0.0, ""Overall_Cond"": 0.0}","{""Exter_Qual"": 450.0, ""Garage_Area"": 27020.0, ""Kitchen_Qual"": 19964.0, ""Fireplaces"": 6942.0, ""Year_Remod_Add"": 0.0, ""Half_Bath"": 6150.0, ""Wood_Deck_SF"": 1840.0, ""Open_Porch_SF"": 5994.0, ""Bsmt_Qual"": 20080.0}"
2227,100000.0,264389.34375,489997.0637716538,96612.0,128995.7200216538,1.3351935579602308,"{""First_Flr_SF"": 0.0, ""Second_Flr_SF"": 0.0, ""Year_Built"": 0.0, ""Exter_Qual"": 2.0, ""Total_Bsmt_SF"": 0.0, ""Lot_Area"": 0.0, ""Garage_Area"": 223.0, ""Kitchen_Qual"": 2.0, ""Fireplaces"": 2.0, ""Year_Remod_Add"": 37.0, ""Sale_Condition_Normal"": 0.0, ""Longitude"": 0.0, ""Full_Bath"": 0.0, ""Bsmt_Qual"": 1.0, ""Latitude"": 0.0, ""Bsmt_Exposure"": 0.0, ""TotRms_AbvGrd"": 0.0, ""Half_Bath"": 1.0, ""Heating_QC"": 0.0, ""Garage_Finish"": 0.0, ""Garage_Cond"": 0.0, ""Wood_Deck_SF"": 6.0, ""Open_Porch_SF"": 0.0, ""Bsmt_Full_Bath"": 0.0, ""House_Style_One_Story"": 0.0, ""Sale_Type_New"": 0.0, ""Bedroom_AbvGr"": 0.0, ""Garage_Qual"": 0.0, ""Kitchen_AbvGr"": 0.0, ""Pool_Area"": 0.0, ""Overall_Cond"": 3.0}","{""Exter_Qual"": 900.0, ""Garage_Area"": 15610.0, ""Kitchen_Qual"": 39928.0, ""Fireplaces"": 13884.0, ""Year_Remod_Add"": 0.0, ""Half_Bath"": 6150.0, ""Wood_Deck_SF"": 60.0, ""Overall_Cond"": 0.0, ""Bsmt_Qual"": 20080.0}"
410,10000.0,218493.390625,265161.30123026326,970.0,45697.910605263256,47.11124804666315,"{""First_Flr_SF"": 0.0, ""Second_Flr_SF"": 0.0, ""Year_Built"": 0.0, ""Exter_Qual"": 2.0, ""Total_Bsmt_SF"": 0.0, ""Lot_Area"": 0.0, ""Garage_Area"": 1.0, ""Kitchen_Qual"": 0.0, ""Fireplaces"": 0.0, ""Year_Remod_Add"": 49.0, ""Sale_Condition_Normal"": 0.0, ""Longitude"": 0.0, ""Full_Bath"": 0.0, ""Bsmt_Qual"": 0.0, ""Latitude"": 0.0, ""Bsmt_Exposure"": 0.0, ""TotRms_AbvGrd"": 0.0, ""Half_Bath"": 0.0, ""Heating_QC"": 0.0, ""Garage_Finish"": 0.0, ""Garage_Cond"": 0.0, ""Wood_Deck_SF"": 0.0, ""Open_Porch_SF"": 0.0, ""Bsmt_Full_Bath"": 0.0, ""House_Style_One_Story"": 0.0, ""Sale_Type_New"": 0.0, ""Bedroom_AbvGr"": 0.0, ""Garage_Qual"": 0.0, ""Kitchen_AbvGr"": 0.0, ""Pool_Area"": 0.0, ""Overall_Cond"": 3.0}","{""Exter_Qual"": 900.0, ""Garage_Area"": 70.0, ""Year_Remod_Add"": 0.0, ""Overall_Cond"": 0.0}"
410,20000.0,218493.390625,280718.18342510617,16150.0,46074.79280010617,2.8529283467558,"{""First_Flr_SF"": 0.0, ""Second_Flr_SF"": 0.0, ""Year_Built"": 0.0, ""Exter_Qual"": 2.0, ""Total_Bsmt_SF"": 100.0, ""Lot_Area"": 0.0, ""Garage_Area"": 75.0, ""Kitchen_Qual"": 0.0, ""Fireplaces"": 0.0, ""Year_Remod_Add"": 49.0, ""Sale_Condition_Normal"": 0.0, ""Longitude"": 0.0, ""Full_Bath"": 0.0, ""Bsmt_Qual"": 0.0, ""Latitude"": 0.0, ""Bsmt_Exposure"": 0.0, ""TotRms_AbvGrd"": 0.0, ""Half_Bath"": 0.0, ""Heating_QC"": 0.0, ""Garage_Finish"": 0.0, ""Garage_Cond"": 0.0, ""Wood_Deck_SF"": 0.0, ""Open_Porch_SF"": 0.0, ""Bsmt_Full_Bath"": 0.0, ""House_Style_One_Story"": 0.0, ""Sale_Type_New"": 0.0, ""Bedroom_AbvGr"": 0.0, ""Garage_Qual"": 0.0, ""Kitchen_AbvGr"": 0.0, ""Pool_Area"": 0.0, ""Overall_Cond"": 3.0}","{""Exter_Qual"": 900.0, ""Total_Bsmt_SF"": 10000.0, ""Garage_Area"": 5250.0, ""Year_Remod_Add"": 0.0, ""Overall_Cond"": 0.0}"
410,30000.0,218493.390625,292264.3755552883,27150.0,46620.98493028828,1.7171633491818887,"{""First_Flr_SF"": 0.0, ""Second_Flr_SF"": 0.0, ""Year_Built"": 0.0, ""Exter_Qual"": 2.0, ""Total_Bsmt_SF"": 100.0, ""Lot_Area"": 0.0, ""Garage_Area"": 75.0, ""Kitchen_Qual"": 0.0, ""Fireplaces"": 0.0, ""Year_Remod_Add"": 49.0, ""Sale_Condition_Normal"": 0.0, ""Longitude"": 0.0, ""Full_Bath"": 0.0, ""Bsmt_Qual"": 0.0, ""Latitude"": 0.0, ""Bsmt_Exposure"": 0.0, ""TotRms_AbvGrd"": 0.0, ""Half_Bath"": 0.0, ""Heating_QC"": 0.0, ""Garage_Finish"": 0.0, ""Garage_Cond"": 0.0, ""Wood_Deck_SF"": 0.0, ""Open_Porch_SF"": -0.0, ""Bsmt_Full_Bath"": -0.0, ""House_Style_One_Story"": 0.0, ""Sale_Type_New"": 0.0, ""Bedroom_AbvGr"": 0.0, ""Garage_Qual"": 1.0, ""Kitchen_AbvGr"": 0.0, ""Pool_Area"": 0.0, ""Overall_Cond"": 3.0}","{""Exter_Qual"": 900.0, ""Total_Bsmt_SF"": 10000.0, ""Garage_Area"": 5250.0, ""Year_Remod_Add"": 0.0, ""Overall_Cond"": 0.0, ""Garage_Qual"": 11000.0}"
410,40000.0,218493.390625,292264.3755552883,27150.0,46620.98493028828,1.7171633491818887,"{""First_Flr_SF"": 0.0, ""Second_Flr_SF"": 0.0, ""Year_Built"": 0.0, ""Exter_Qual"": 2.0, ""Total_Bsmt_SF"": 100.0, ""Lot_Area"": 0.0, ""Garage_Area"": 75.0, ""Kitchen_Qual"": 0.0, ""Fireplaces"": 0.0, ""Year_Remod_Add"": 49.0, ""Sale_Condition_Normal"": 0.0, ""Longitude"": 0.0, ""Full_Bath"": 0.0, ""Bsmt_Qual"": 0.0, ""Latitude"": 0.0, ""Bsmt_Exposure"": 0.0, ""TotRms_AbvGrd"": 0.0, ""Half_Bath"": 0.0, ""Heating_QC"": 0.0, ""Garage_Finish"": 0.0, ""Garage_Cond"": 0.0, ""Wood_Deck_SF"": 0.0, ""Open_Porch_SF"": 0.0, ""Bsmt_Full_Bath"": -0.0, ""House_Style_One_Story"": 0.0, ""Sale_Type_New"": 0.0, ""Bedroom_AbvGr"": 0.0, ""Garage_Qual"": 1.0, ""Kitchen_AbvGr"": 0.0, ""Pool_Area"": 0.0, ""Overall_Cond"": 3.0}","{""Exter_Qual"": 900.0, ""Total_Bsmt_SF"": 10000.0, ""Garage_Area"": 5250.0, ""Year_Remod_Add"": 0.0, ""Overall_Cond"": 0.0, ""Garage_Qual"": 11000.0}"
410,50000.0,218493.390625,292264.37555528834,27150.0,46620.98493028834,1.717163349181891,"{""First_Flr_SF"": 0.0, ""Second_Flr_SF"": 0.0, ""Year_Built"": 0.0, ""Exter_Qual"": 2.0, ""Total_Bsmt_SF"": 100.0, ""Lot_Area"": 0.0, ""Garage_Area"": 75.0, ""Kitchen_Qual"": 0.0, ""Fireplaces"": 0.0, ""Year_Remod_Add"": 49.0, ""Sale_Condition_Normal"": 0.0, ""Longitude"": 0.0, ""Full_Bath"": 0.0, ""Bsmt_Qual"": 0.0, ""Latitude"": 0.0, ""Bsmt_Exposure"": 0.0, ""TotRms_AbvGrd"": 0.0, ""Half_Bath"": 0.0, ""Heating_QC"": 0.0, ""Garage_Finish"": 0.0, ""Garage_Cond"": 0.0, ""Wood_Deck_SF"": 0.0, ""Open_Porch_SF"": 0.0, ""Bsmt_Full_Bath"": 0.0, ""House_Style_One_Story"": 0.0, ""Sale_Type_New"": 0.0, ""Bedroom_AbvGr"": 0.0, ""Garage_Qual"": 1.0, ""Kitchen_AbvGr"": 0.0, ""Pool_Area"": 0.0, ""Overall_Cond"": 3.0}","{""Exter_Qual"": 900.0, ""Total_Bsmt_SF"": 10000.0, ""Garage_Area"": 5250.0, ""Year_Remod_Add"": 0.0, ""Overall_Cond"": 0.0, ""Garage_Qual"": 11000.0}"
410,60000.0,218493.390625,292264.37555528816,27150.0,46620.98493028816,1.7171633491818845,"{""First_Flr_SF"": 0.0, ""Second_Flr_SF"": 0.0, ""Year_Built"": 0.0, ""Exter_Qual"": 2.0, ""Total_Bsmt_SF"": 100.0, ""Lot_Area"": 0.0, ""Garage_Area"": 75.0, ""Kitchen_Qual"": 0.0, ""Fireplaces"": 0.0, ""Year_Remod_Add"": 49.0, ""Sale_Condition_Normal"": 0.0, ""Longitude"": 0.0, ""Full_Bath"": 0.0, ""Bsmt_Qual"": 0.0, ""Latitude"": 0.0, ""Bsmt_Exposure"": 0.0, ""TotRms_AbvGrd"": 0.0, ""Half_Bath"": 0.0, ""Heating_QC"": 0.0, ""Garage_Finish"": 0.0, ""Garage_Cond"": 0.0, ""Wood_Deck_SF"": 0.0, ""Open_Porch_SF"": 0.0, ""Bsmt_Full_Bath"": 0.0, ""House_Style_One_Story"": 0.0, ""Sale_Type_New"": 0.0, ""Bedroom_AbvGr"": 0.0, ""Garage_Qual"": 1.0, ""Kitchen_AbvGr"": 0.0, ""Pool_Area"": 0.0, ""Overall_Cond"": 3.0}","{""Exter_Qual"": 900.0, ""Total_Bsmt_SF"": 10000.0, ""Garage_Area"": 5250.0, ""Year_Remod_Add"": 0.0, ""Overall_Cond"": 0.0, ""Garage_Qual"": 11000.0}"
410,70000.0,218493.390625,292264.3755552883,27150.0,46620.98493028828,1.7171633491818887,"{""First_Flr_SF"": 0.0, ""Second_Flr_SF"": 0.0, ""Year_Built"": 0.0, ""Exter_Qual"": 2.0, ""Total_Bsmt_SF"": 100.0, ""Lot_Area"": 0.0, ""Garage_Area"": 75.0, ""Kitchen_Qual"": 0.0, ""Fireplaces"": 0.0, ""Year_Remod_Add"": 49.0, ""Sale_Condition_Normal"": 0.0, ""Longitude"": 0.0, ""Full_Bath"": 0.0, ""Bsmt_Qual"": 0.0, ""Latitude"": 0.0, ""Bsmt_Exposure"": 0.0, ""TotRms_AbvGrd"": 0.0, ""Half_Bath"": 0.0, ""Heating_QC"": 0.0, ""Garage_Finish"": 0.0, ""Garage_Cond"": 0.0, ""Wood_Deck_SF"": 0.0, ""Open_Porch_SF"": -0.0, ""Bsmt_Full_Bath"": -0.0, ""House_Style_One_Story"": 0.0, ""Sale_Type_New"": 0.0, ""Bedroom_AbvGr"": 0.0, ""Garage_Qual"": 1.0, ""Kitchen_AbvGr"": 0.0, ""Pool_Area"": 0.0, ""Overall_Cond"": 3.0}","{""Exter_Qual"": 900.0, ""Total_Bsmt_SF"": 10000.0, ""Garage_Area"": 5250.0, ""Year_Remod_Add"": 0.0, ""Overall_Cond"": 0.0, ""Garage_Qual"": 11000.0}"
410,80000.0,218493.390625,292264.3755552883,27150.0,46620.98493028828,1.7171633491818887,"{""First_Flr_SF"": 0.0, ""Second_Flr_SF"": 0.0, ""Year_Built"": 0.0, ""Exter_Qual"": 2.0, ""Total_Bsmt_SF"": 100.0, ""Lot_Area"": 0.0, ""Garage_Area"": 75.0, ""Kitchen_Qual"": 0.0, ""Fireplaces"": 0.0, ""Year_Remod_Add"": 49.0, ""Sale_Condition_Normal"": 0.0, ""Longitude"": 0.0, ""Full_Bath"": 0.0, ""Bsmt_Qual"": 0.0, ""Latitude"": 0.0, ""Bsmt_Exposure"": 0.0, ""TotRms_AbvGrd"": 0.0, ""Half_Bath"": 0.0, ""Heating_QC"": 0.0, ""Garage_Finish"": 0.0, ""Garage_Cond"": 0.0, ""Wood_Deck_SF"": 0.0, ""Open_Porch_SF"": 0.0, ""Bsmt_Full_Bath"": 0.0, ""House_Style_One_Story"": 0.0, ""Sale_Type_New"": 0.0, ""Bedroom_AbvGr"": 0.0, ""Garage_Qual"": 1.0, ""Kitchen_AbvGr"": 0.0, ""Pool_Area"": 0.0, ""Overall_Cond"": 3.0}","{""Exter_Qual"": 900.0, ""Total_Bsmt_SF"": 10000.0, ""Garage_Area"": 5250.0, ""Year_Remod_Add"": 0.0, ""Overall_Cond"": 0.0, ""Garage_Qual"": 11000.0}"
410,90000.0,218493.390625,292264.3755552883,27150.0,46620.98493028828,1.7171633491818887,"{""First_Flr_SF"": 0.0, ""Second_Flr_SF"": 0.0, ""Year_Built"": 0.0, ""Exter_Qual"": 2.0, ""Total_Bsmt_SF"": 100.0, ""Lot_Area"": 0.0, ""Garage_Area"": 75.0, ""Kitchen_Qual"": 0.0, ""Fireplaces"": 0.0, ""Year_Remod_Add"": 49.0, ""Sale_Condition_Normal"": 0.0, ""Longitude"": 0.0, ""Full_Bath"": 0.0, ""Bsmt_Qual"": 0.0, ""Latitude"": 0.0, ""Bsmt_Exposure"": 0.0, ""TotRms_AbvGrd"": 0.0, ""Half_Bath"": 0.0, ""Heating_QC"": 0.0, ""Garage_Finish"": 0.0, ""Garage_Cond"": 0.0, ""Wood_Deck_SF"": 0.0, ""Open_Porch_SF"": 0.0, ""Bsmt_Full_Bath"": 0.0, ""House_Style_One_Story"": 0.0, ""Sale_Type_New"": 0.0, ""Bedroom_AbvGr"": 0.0, ""Garage_Qual"": 1.0, ""Kitchen_AbvGr"": 0.0, ""Pool_Area"": 0.0, ""Overall_Cond"": 3.0}","{""Exter_Qual"": 900.0, ""Total_Bsmt_SF"": 10000.0, ""Garage_Area"": 5250.0, ""Year_Remod_Add"": 0.0, ""Overall_Cond"": 0.0, ""Garage_Qual"": 11000.0}"
410,100000.0,218493.390625,292264.3755552883,27150.0,46620.98493028828,1.7171633491818887,"{""First_Flr_SF"": 0.0, ""Second_Flr_SF"": 0.0, ""Year_Built"": 0.0, ""Exter_Qual"": 2.0, ""Total_Bsmt_SF"": 100.0, ""Lot_Area"": 0.0, ""Garage_Area"": 75.0, ""Kitchen_Qual"": 0.0, ""Fireplaces"": 0.0, ""Year_Remod_Add"": 49.0, ""Sale_Condition_Normal"": 0.0, ""Longitude"": 0.0, ""Full_Bath"": 0.0, ""Bsmt_Qual"": 0.0, ""Latitude"": 0.0, ""Bsmt_Exposure"": 0.0, ""TotRms_AbvGrd"": 0.0, ""Half_Bath"": 0.0, ""Heating_QC"": 0.0, ""Garage_Finish"": 0.0, ""Garage_Cond"": 0.0, ""Wood_Deck_SF"": 0.0, ""Open_Porch_SF"": -0.0, ""Bsmt_Full_Bath"": -0.0, ""House_Style_One_Story"": 0.0, ""Sale_Type_New"": 0.0, ""Bedroom_AbvGr"": 0.0, ""Garage_Qual"": 1.0, ""Kitchen_AbvGr"": 0.0, ""Pool_Area"": 0.0, ""Overall_Cond"": 3.0}","{""Exter_Qual"": 900.0, ""Total_Bsmt_SF"": 10000.0, ""Garage_Area"": 5250.0, ""Year_Remod_Add"": 0.0, ""Overall_Cond"": 0.0, ""Garage_Qual"": 11000.0}"
436,10000.0,606037.125,825016.392091896,7710.0,211269.26709189604,27.401980167561096,"{""First_Flr_SF"": 0.0, ""Second_Flr_SF"": 0.0, ""Year_Built"": 0.0, ""Exter_Qual"": 0.0, ""Total_Bsmt_SF"": 0.0, ""Lot_Area"": 0.0, ""Garage_Area"": 92.0, ""Kitchen_Qual"": 0.0, ""Fireplaces"": 0.0, ""Year_Remod_Add"": 18.0, ""Sale_Condition_Normal"": 0.0, ""Longitude"": 0.0, ""Full_Bath"": 0.0, ""Bsmt_Qual"": 0.0, ""Latitude"": 0.0, ""Bsmt_Exposure"": 0.0, ""TotRms_AbvGrd"": 0.0, ""Half_Bath"": 0.0, ""Heating_QC"": 0.0, ""Garage_Finish"": 0.0, ""Garage_Cond"": 0.0, ""Wood_Deck_SF"": 127.0, ""Open_Porch_SF"": 0.0, ""Bsmt_Full_Bath"": 0.0, ""House_Style_One_Story"": 0.0, ""Sale_Type_New"": 0.0, ""Bedroom_AbvGr"": 0.0, ""Garage_Qual"": 0.0, ""Kitchen_AbvGr"": 0.0, ""Pool_Area"": 0.0, ""Overall_Cond"": 1.0}","{""Garage_Area"": 6440.0, ""Year_Remod_Add"": 0.0, ""Wood_Deck_SF"": 1270.0, ""Overall_Cond"": 0.0}"
436,20000.0,606037.125,886348.4874882494,18096.0,262215.36248824943,14.490238864293183,"{""First_Flr_SF"": 0.0, ""Second_Flr_SF"": 0.0, ""Year_Built"": 0.0, ""Exter_Qual"": 0.0, ""Total_Bsmt_SF"": 0.0, ""Lot_Area"": 0.0, ""Garage_Area"": 92.0, ""Kitchen_Qual"": 0.0, ""Fireplaces"": 0.0, ""Year_Remod_Add"": 18.0, ""Sale_Condition_Normal"": 0.0, ""Longitude"": 0.0, ""Full_Bath"": 1.0, ""Bsmt_Qual"": 0.0, ""Latitude"": 0.0, ""Bsmt_Exposure"": 0.0, ""TotRms_AbvGrd"": 0.0, ""Half_Bath"": 0.0, ""Heating_QC"": 0.0, ""Garage_Finish"": 0.0, ""Garage_Cond"": 0.0, ""Wood_Deck_SF"": 127.0, ""Open_Porch_SF"": 0.0, ""Bsmt_Full_Bath"": 0.0, ""House_Style_One_Story"": 0.0, ""Sale_Type_New"": 0.0, ""Bedroom_AbvGr"": 0.0, ""Garage_Qual"": 0.0, ""Kitchen_AbvGr"": 0.0, ""Pool_Area"": 0.0, ""Overall_Cond"": 1.0}","{""Garage_Area"": 6440.0, ""Year_Remod_Add"": 0.0, ""Full_Bath"": 10386.0, ""Wood_Deck_SF"": 1270.0, ""Overall_Cond"": 0.0}"
436,30000.0,606037.125,908963.1934395444,29506.0,273420.0684395444,9.26659216564578,"{""First_Flr_SF"": 0.0, ""Second_Flr_SF"": 0.0, ""Year_Built"": 0.0, ""Exter_Qual"": 0.0, ""Total_Bsmt_SF"": 0.0, ""Lot_Area"": 0.0, ""Garage_Area"": 255.0, ""Kitchen_Qual"": 0.0, ""Fireplaces"": 0.0, ""Year_Remod_Add"": 18.0, ""Sale_Condition_Normal"": 0.0, ""Longitude"": 0.0, ""Full_Bath"": 1.0, ""Bsmt_Qual"": 0.0, ""Latitude"": 0.0, ""Bsmt_Exposure"": 0.0, ""TotRms_AbvGrd"": 0.0, ""Half_Bath"": 0.0, ""Heating_QC"": 0.0, ""Garage_Finish"": 0.0, ""Garage_Cond"": 0.0, ""Wood_Deck_SF"": 127.0, ""Open_Porch_SF"": 0.0, ""Bsmt_Full_Bath"": 0.0, ""House_Style_One_Story"": 0.0, ""Sale_Type_New"": 0.0, ""Bedroom_AbvGr"": 0.0, ""Garage_Qual"": 0.0, ""Kitchen_AbvGr"": 0.0, ""Pool_Area"": 0.0, ""Overall_Cond"": 1.0}","{""Garage_Area"": 17850.0, ""Year_Remod_Add"": 0.0, ""Full_Bath"": 10386.0, ""Wood_Deck_SF"": 1270.0, ""Overall_Cond"": 0.0}"
436,40000.0,606037.125,925847.1022903912,34806.0,285003.9772903912,8.18835767656126,"{""First_Flr_SF"": 0.0, ""Second_Flr_SF"": 0.0, ""Year_Built"": 0.0, ""Exter_Qual"": 1.0, ""Total_Bsmt_SF"": 0.0, ""Lot_Area"": 0.0, ""Garage_Area"": 92.0, ""Kitchen_Qual"": 0.0, ""Fireplaces"": 0.0, ""Year_Remod_Add"": 18.0, ""Sale_Condition_Normal"": 0.0, ""Longitude"": 0.0, ""Full_Bath"": 1.0, ""Bsmt_Qual"": 0.0, ""Latitude"": 0.0, ""Bsmt_Exposure"": 0.0, ""TotRms_AbvGrd"": 0.0, ""Half_Bath"": 0.0, ""Heating_QC"": 0.0, ""Garage_Finish"": 0.0, ""Garage_Cond"": 0.0, ""Wood_Deck_SF"": 153.0, ""Open_Porch_SF"": 0.0, ""Bsmt_Full_Bath"": 0.0, ""House_Style_One_Story"": 0.0, ""Sale_Type_New"": 0.0, ""Bedroom_AbvGr"": 0.0, ""Garage_Qual"": 1.0, ""Kitchen_AbvGr"": 0.0, ""Pool_Area"": 0.0, ""Overall_Cond"": 2.0}","{""Exter_Qual"": 450.0, ""Garage_Area"": 6440.0, ""Year_Remod_Add"": 0.0, ""Full_Bath"": 10386.0, ""Wood_Deck_SF"": 1530.0, ""Overall_Cond"": 0.0, ""Garage_Qual"": 16000.0}"
436,50000.0,606037.125,951161.7308660115,49242.0,295882.60586601146,6.0087446867716885,"{""First_Flr_SF"": 116.0, ""Second_Flr_SF"": 0.0, ""Year_Built"": 0.0, ""Exter_Qual"": 1.0, ""Total_Bsmt_SF"": 0.0, ""Lot_Area"": 0.0, ""Garage_Area"": 48.0, ""Kitchen_Qual"": 0.0, ""Fireplaces"": 0.0, ""Year_Remod_Add"": 18.0, ""Sale_Condition_Normal"": 0.0, ""Longitude"": 0.0, ""Full_Bath"": 1.0, ""Bsmt_Qual"": 0.0, ""Latitude"": 0.0, ""Bsmt_Exposure"": 0.0, ""TotRms_AbvGrd"": 0.0, ""Half_Bath"": 0.0, ""Heating_QC"": 0.0, ""Garage_Finish"": 0.0, ""Garage_Cond"": 0.0, ""Wood_Deck_SF"": 153.0, ""Open_Porch_SF"": 0.0, ""Bsmt_Full_Bath"": 0.0, ""House_Style_One_Story"": 0.0, ""Sale_Type_New"": 0.0, ""Bedroom_AbvGr"": 0.0, ""Garage_Qual"": 1.0, ""Kitchen_AbvGr"": 0.0, ""Pool_Area"": 0.0, ""Overall_Cond"": 2.0}","{""First_Flr_SF"": 17516.0, ""Exter_Qual"": 450.0, ""Garage_Area"": 3360.0, ""Year_Remod_Add"": 0.0, ""Full_Bath"": 10386.0, ""Wood_Deck_SF"": 1530.0, ""Overall_Cond"": 0.0, ""Garage_Qual"": 16000.0}"
436,60000.0,606037.125,963889.4616088393,52322.0,305530.33660883934,5.83942388687052,"{""First_Flr_SF"": 116.0, ""Second_Flr_SF"": 0.0, ""Year_Built"": 0.0, ""Exter_Qual"": 1.0, ""Total_Bsmt_SF"": 0.0, ""Lot_Area"": 0.0, ""Garage_Area"": 92.0, ""Kitchen_Qual"": 0.0, ""Fireplaces"": 0.0, ""Year_Remod_Add"": 18.0, ""Sale_Condition_Normal"": 0.0, ""Longitude"": 0.0, ""Full_Bath"": 1.0, ""Bsmt_Qual"": 0.0, ""Latitude"": 0.0, ""Bsmt_Exposure"": 0.0, ""TotRms_AbvGrd"": 0.0, ""Half_Bath"": 0.0, ""Heating_QC"": 0.0, ""Garage_Finish"": 0.0, ""Garage_Cond"": 0.0, ""Wood_Deck_SF"": 153.0, ""Open_Porch_SF"": 0.0, ""Bsmt_Full_Bath"": 0.0, ""House_Style_One_Story"": 0.0, ""Sale_Type_New"": 0.0, ""Bedroom_AbvGr"": 0.0, ""Garage_Qual"": 1.0, ""Kitchen_AbvGr"": 0.0, ""Pool_Area"": 0.0, ""Overall_Cond"": 2.0}","{""First_Flr_SF"": 17516.0, ""Exter_Qual"": 450.0, ""Garage_Area"": 6440.0, ""Year_Remod_Add"": 0.0, ""Full_Bath"": 10386.0, ""Wood_Deck_SF"": 1530.0, ""Overall_Cond"": 0.0, ""Garage_Qual"": 16000.0}"
436,70000.0,606037.125,984027.379626431,63732.0,314258.25462643104,4.93093351262209,"{""First_Flr_SF"": 116.0, ""Second_Flr_SF"": 0.0, ""Year_Built"": 0.0, ""Exter_Qual"": 1.0, ""Total_Bsmt_SF"": 0.0, ""Lot_Area"": 0.0, ""Garage_Area"": 255.0, ""Kitchen_Qual"": 0.0, ""Fireplaces"": 0.0, ""Year_Remod_Add"": 18.0, ""Sale_Condition_Normal"": 0.0, ""Longitude"": 0.0, ""Full_Bath"": 1.0, ""Bsmt_Qual"": 0.0, ""Latitude"": 0.0, ""Bsmt_Exposure"": 0.0, ""TotRms_AbvGrd"": 0.0, ""Half_Bath"": 0.0, ""Heating_QC"": 0.0, ""Garage_Finish"": 0.0, ""Garage_Cond"": 0.0, ""Wood_Deck_SF"": 153.0, ""Open_Porch_SF"": 0.0, ""Bsmt_Full_Bath"": 0.0, ""House_Style_One_Story"": 0.0, ""Sale_Type_New"": 0.0, ""Bedroom_AbvGr"": 0.0, ""Garage_Qual"": 1.0, ""Kitchen_AbvGr"": 0.0, ""Pool_Area"": 0.0, ""Overall_Cond"": 2.0}","{""First_Flr_SF"": 17516.0, ""Exter_Qual"": 450.0, ""Garage_Area"": 17850.0, ""Year_Remod_Add"": 0.0, ""Full_Bath"": 10386.0, ""Wood_Deck_SF"": 1530.0, ""Overall_Cond"": 0.0, ""Garage_Qual"": 16000.0}"
436,80000.0,606037.125,984027.379626431,63732.0,314258.25462643104,4.93093351262209,"{""First_Flr_SF"": 116.0, ""Second_Flr_SF"": 0.0, ""Year_Built"": 0.0, ""Exter_Qual"": 1.0, ""Total_Bsmt_SF"": 0.0, ""Lot_Area"": 0.0, ""Garage_Area"": 255.0, ""Kitchen_Qual"": 0.0, ""Fireplaces"": 0.0, ""Year_Remod_Add"": 18.0, ""Sale_Condition_Normal"": 0.0, ""Longitude"": 0.0, ""Full_Bath"": 1.0, ""Bsmt_Qual"": 0.0, ""Latitude"": 0.0, ""Bsmt_Exposure"": 0.0, ""TotRms_AbvGrd"": 0.0, ""Half_Bath"": 0.0, ""Heating_QC"": 0.0, ""Garage_Finish"": 0.0, ""Garage_Cond"": 0.0, ""Wood_Deck_SF"": 153.0, ""Open_Porch_SF"": 0.0, ""Bsmt_Full_Bath"": 0.0, ""House_Style_One_Story"": 0.0, ""Sale_Type_New"": 0.0, ""Bedroom_AbvGr"": 0.0, ""Garage_Qual"": 1.0, ""Kitchen_AbvGr"": 0.0, ""Pool_Area"": 0.0, ""Overall_Cond"": 2.0}","{""First_Flr_SF"": 17516.0, ""Exter_Qual"": 450.0, ""Garage_Area"": 17850.0, ""Year_Remod_Add"": 0.0, ""Full_Bath"": 10386.0, ""Wood_Deck_SF"": 1530.0, ""Overall_Cond"": 0.0, ""Garage_Qual"": 16000.0}"
436,90000.0,606037.125,1001125.6174028936,80342.0,314746.4924028936,3.91758348563508,"{""First_Flr_SF"": 226.0, ""Second_Flr_SF"": 0.0, ""Year_Built"": 0.0, ""Exter_Qual"": 1.0, ""Total_Bsmt_SF"": 0.0, ""Lot_Area"": 0.0, ""Garage_Area"": 255.0, ""Kitchen_Qual"": 0.0, ""Fireplaces"": 0.0, ""Year_Remod_Add"": 18.0, ""Sale_Condition_Normal"": 0.0, ""Longitude"": 0.0, ""Full_Bath"": 1.0, ""Bsmt_Qual"": 0.0, ""Latitude"": 0.0, ""Bsmt_Exposure"": 0.0, ""TotRms_AbvGrd"": 0.0, ""Half_Bath"": 0.0, ""Heating_QC"": 0.0, ""Garage_Finish"": 0.0, ""Garage_Cond"": 0.0, ""Wood_Deck_SF"": 153.0, ""Open_Porch_SF"": 0.0, ""Bsmt_Full_Bath"": 0.0, ""House_Style_One_Story"": 0.0, ""Sale_Type_New"": 0.0, ""Bedroom_AbvGr"": 0.0, ""Garage_Qual"": 1.0, ""Kitchen_AbvGr"": 0.0, ""Pool_Area"": 0.0, ""Overall_Cond"": 2.0}","{""First_Flr_SF"": 34126.0, ""Exter_Qual"": 450.0, ""Garage_Area"": 17850.0, ""Year_Remod_Add"": 0.0, ""Full_Bath"": 10386.0, ""Wood_Deck_SF"": 1530.0, ""Overall_Cond"": 0.0, ""Garage_Qual"": 16000.0}"
436,100000.0,606037.125,1001125.6174028937,80342.0,314746.4924028937,3.9175834856350815,"{""First_Flr_SF"": 226.0, ""Second_Flr_SF"": 0.0, ""Year_Built"": 0.0, ""Exter_Qual"": 1.0, ""Total_Bsmt_SF"": 0.0, ""Lot_Area"": 0.0, ""Garage_Area"": 255.0, ""Kitchen_Qual"": 0.0, ""Fireplaces"": 0.0, ""Year_Remod_Add"": 18.0, ""Sale_Condition_Normal"": 0.0, ""Longitude"": 0.0, ""Full_Bath"": 1.0, ""Bsmt_Qual"": 0.0, ""Latitude"": 0.0, ""Bsmt_Exposure"": 0.0, ""TotRms_AbvGrd"": 0.0, ""Half_Bath"": 0.0, ""Heating_QC"": 0.0, ""Garage_Finish"": 0.0, ""Garage_Cond"": 0.0, ""Wood_Deck_SF"": 153.0, ""Open_Porch_SF"": 0.0, ""Bsmt_Full_Bath"": 0.0, ""House_Style_One_Story"": 0.0, ""Sale_Type_New"": 0.0, ""Bedroom_AbvGr"": 0.0, ""Garage_Qual"": 1.0, ""Kitchen_AbvGr"": 0.0, ""Pool_Area"": 0.0, ""Overall_Cond"": 2.0}","{""First_Flr_SF"": 34126.0, ""Exter_Qual"": 450.0, ""Garage_Area"": 17850.0, ""Year_Remod_Add"": 0.0, ""Full_Bath"": 10386.0, ""Wood_Deck_SF"": 1530.0, ""Overall_Cond"": 0.0, ""Garage_Qual"": 16000.0}"
